Salary,PTPs_Honoured,PTPs_Unhonoured,Amount_Owed,Willingness_to_Pay,Client,PTP_This_Month,Installment_Due,Paid_This_Month,AA_Paid,Av_Length_of_Calls
78821.06999999999,3,8,97480.9874292874,Medium,BPC,1,9959.686035182876,0,0,3
137659.86,5,4,39363.274645911646,Medium,BPC,1,7069.141454921016,1,3888.039059566534,10
193278.63,10,1,5445.8358938670135,Low,Letshego,1,863.106213039534,0,0,16
192725.94,2,10,98097.09057586407,Low,WUC,0,0,0,0,18
57194.07,2,9,98228.49389692821,Low,BPC,1,10409.988734364624,0,0,18
209736.51,11,1,9568.965787643625,Medium,BPC,1,1601.142314812716,0,0,16
131932.71,1,4,50401.832169405476,Low,BPC,0,0,0,0,4
115744.5,4,6,67646.3907359438,Medium,WUC,1,8823.244186453143,0,0,15
120291.51,11,6,68306.47393534565,Medium,BPC,1,10803.628717984886,1,6115.569211635483,15
68287.92,2,8,80850.38080217486,Medium,Letshego,1,11392.558046021744,0,0,14
79323.03,1,7,88623.60329818557,Low,Absa,0,0,0,0,18
118347.75,10,5,65550.37955353834,Medium,Letshego,1,8624.536644611504,0,0,8
108159.03,4,6,66025.45347683225,High,WUC,1,10902.563493120211,0,0,19
119923.05,7,5,71737.59525908408,Medium,WUC,1,8896.694055527318,0,0,10
102108.81,3,5,37046.74044656055,High,WUC,1,5726.924894693113,1,3407.779913064467,5
143157.38999999998,1,10,70686.23447394231,Low,WUC,0,0,0,0,12
78369.84,8,8,99367.0253061732,High,Letshego,1,13000.843320257125,0,0,4
206644.65,11,1,35027.17936400557,Low,Absa,0,0,0,0,11
60443.46,10,11,78705.82096741651,Medium,Absa,0,0,0,0,9
113018.43,9,10,84022.62857664749,Medium,Letshego,0,0,0,0,17
207611.19,7,2,89546.72059090668,Low,Absa,0,0,0,0,12
156798.41999999998,2,8,33978.555192590225,Low,WUC,1,2927.3075719569756,0,0,10
63214.92,2,10,91219.80617656664,Low,WUC,0,0,0,0,5
119073.99,3,6,4063.3524537226185,High,WUC,1,568.9086904688147,1,350.2641714232445,10
121629.18,5,6,53173.52839590656,High,Absa,0,0,0,0,5
134805.63,6,3,95062.63488383638,High,Letshego,1,16312.045181111655,0,0,7
125425.92,3,6,66970.7177412067,Medium,WUC,1,8998.064378795594,0,0,17
153247.32,5,4,46917.7272864884,High,WUC,1,8532.089876446975,1,4378.875634641331,9
75825.33,1,8,94759.0003574143,High,WUC,1,18720.73965120171,0,0,9
198853.59,10,1,2722.2353735542856,Medium,WUC,1,417.0961051257419,0,0,10
144625.88999999998,9,1,30658.962062860082,Low,Absa,1,3782.3716895281736,0,0,17
141234.99,5,6,77856.29145759717,High,BPC,1,10507.078529038712,1,5446.386917628054,1
72116.7,1,11,77069.80575922685,Medium,Letshego,0,0,0,0,7
175477.74,7,10,43653.09005047241,High,WUC,0,0,0,0,3
130034.34,10,11,67207.83659125282,High,Letshego,0,0,0,0,17
178671.06,6,10,5091.47147369798,High,BPC,1,793.222837510446,0,0,10
60774.54,1,10,48473.90567340376,Medium,BPC,1,7184.633710314947,0,0,11
184739.97,10,11,12757.939506328898,Low,BPC,0,0,0,0,9
96560.55,5,5,85626.28753992077,Medium,Letshego,1,9243.818725807232,0,0,10
98712.57,4,9,74091.17233820865,High,BPC,1,11629.428923292191,1,6255.01973759201,3
156443.31,3,4,44969.22851554566,Medium,WUC,0,0,0,0,2
205288.29,11,10,22403.79315378965,High,Letshego,1,2700.0118329664137,0,0,1
54521.4,1,10,98169.36592910718,Medium,BPC,0,0,0,0,2
109728.99,8,6,62945.10300721601,High,WUC,1,12556.699160218246,0,0,8
120531.81,12,1,63249.56833300885,Medium,BPC,1,9051.545655480944,1,4551.410297585373,15
126752.91,1,6,68780.65052879194,Low,WUC,0,0,0,0,15
167414.34,5,5,86258.57040700037,High,WUC,0,0,0,0,3
200759.97,11,1,21531.817691392032,High,Absa,1,2643.4956026113105,0,0,19
153864.09,6,3,48274.56858336087,High,Letshego,0,0,0,0,4
197929.77,4,2,13932.726893537212,Medium,WUC,1,2248.349629129106,1,1288.23796276884,10
174724.8,7,6,21678.61131390254,Medium,WUC,1,2605.6923388837986,0,0,12
75486.24,2,10,77100.70261582034,Medium,WUC,0,0,0,0,19
77950.65,6,9,78235.39744583284,High,Absa,0,0,0,0,17
84048.93,3,2,98374.25148359028,High,Absa,1,16594.093868156535,0,0,11
122795.97,4,6,68638.07903523667,Medium,BPC,1,7540.259854058653,0,0,8
67372.11,2,7,80234.9350307465,Low,WUC,1,6665.359961615341,0,0,11
89250.09,1,2,74994.9729208356,Low,BPC,0,0,0,0,16
145058.43,5,4,72082.29090337874,Low,WUC,1,6248.272480450648,0,0,13
117506.7,4,11,63803.589887437876,Low,Letshego,1,7018.29400616957,0,0,3
143987.76,1,4,89927.22628264129,Medium,WUC,1,14752.404172805496,0,0,5
186304.59,3,9,88977.64823193196,Low,WUC,1,8999.067481116717,0,0,17
156267.09,3,3,37369.51264733041,Medium,Absa,0,0,0,0,10
116118.3,9,6,51908.601522264245,High,Absa,1,8219.485847629032,0,0,16
167075.25,5,4,91033.26629999513,High,Letshego,0,0,0,0,17
70832.43,2,6,99117.78605041315,Low,Absa,1,8924.143746585445,0,0,7
97233.39,3,3,65696.18870828982,Medium,Letshego,1,11479.710975747508,0,0,5
148537.44,5,3,38304.69602602528,Medium,Letshego,0,0,0,0,13
79061.37,1,4,36874.57051259,Low,BPC,0,0,0,0,8
190120.02,7,1,73838.87748097302,Low,BPC,1,11586.866284333111,0,0,18
189206.88,7,1,2814.0676425696,Medium,WUC,1,475.11145629912926,0,0,3
129956.91,3,6,65508.17765698925,High,WUC,1,8952.01811552571,1,5831.894814821838,4
177346.74,10,1,8904.884542229236,Low,Letshego,0,0,0,0,13
100723.08,11,1,54666.157404916885,Low,WUC,0,0,0,0,5
63914.46,2,10,3905.71472604014,High,BPC,0,0,0,0,14
123973.44,3,6,65070.050053140614,High,WUC,1,9163.043052408106,1,5098.531557771252,11
127428.42,3,6,63141.41163508687,Low,BPC,1,6749.9344958640695,0,0,15
108017.52,3,4,80994.36778446706,Low,Letshego,0,0,0,0,7
83058.36,1,9,76682.71806525264,Low,BPC,1,8927.009902133603,0,0,3
134621.4,6,4,65897.73959858669,Low,WUC,0,0,0,0,9
56473.17,2,1,86461.27538877376,Low,Absa,0,0,0,0,11
177344.07,8,1,8534.176788780838,High,WUC,1,1496.3969807141027,1,856.2274193607185,15
143058.6,5,3,31235.50180460565,High,BPC,1,4250.356763739181,0,0,4
156162.96,4,4,34946.768044950615,High,Absa,0,0,0,0,12
128443.02,3,6,54290.543512879405,High,WUC,1,9371.968003993657,1,4800.148652895721,10
98130.51,8,7,89769.36215663608,High,BPC,1,10955.089371064605,0,0,19
127286.91,3,5,64018.952848843765,Medium,Absa,1,8863.386138344827,0,0,18
180395.88,12,1,96641.25629042648,Medium,Absa,0,0,0,0,4
147207.78,6,6,57012.13805501396,Medium,WUC,1,6642.512698903878,1,3439.698852098269,7
116641.62,3,6,71948.22884987725,High,WUC,1,8882.655059560808,0,0,14
183359.58,12,1,91009.97465446498,High,Absa,1,11962.743686563801,0,0,16
104434.38,4,6,31713.413853243925,High,BPC,1,6043.839923129952,0,0,11
146548.29,6,4,35453.08688270714,Low,BPC,0,0,0,0,5
126368.43,3,6,62535.70097038883,Low,WUC,1,9092.852900154407,0,0,4
96461.76,4,6,35676.2275960925,Low,Letshego,0,0,0,0,7
142340.37,6,3,31705.46080772148,High,BPC,0,0,0,0,2
90443.58,2,7,84979.58665264957,High,BPC,0,0,0,0,14
140425.98,5,3,81652.06124674762,High,WUC,1,11413.286270079721,1,6082.675672230612,15
125100.18,4,1,66526.98663735704,High,WUC,1,9373.000465638894,1,6326.554144946297,6
74271.39,9,9,11005.70904886676,Low,Letshego,1,1114.8204361162534,0,0,10
153001.68,6,4,64328.807645435445,Medium,WUC,1,8840.5025360927375,1,5265.219871867772,2
141189.6,6,4,95354.31838997547,High,Absa,1,15935.853254339552,0,0,3
77309.84999999999,2,9,89766.47197440668,Low,Absa,0,0,0,0,18
143039.91,9,7,44610.93988185475,High,WUC,1,6880.195415783726,0,0,13
121786.71,3,5,14459.188030970283,Low,Absa,0,0,0,0,13
125126.88,3,6,16317.70225951774,High,BPC,0,0,0,0,10
186894.66,1,3,2207.4533735894365,High,Absa,1,341.7988113408843,0,0,6
168677.25,6,3,21800.044210494496,High,BPC,1,3129.636939217071,0,0,19
126592.71,10,6,93419.2778330762,Medium,WUC,1,14819.863694748925,0,0,1
136906.91999999998,3,8,29965.769846462994,High,BPC,1,5560.263107872812,0,0,4
92240.49,1,7,98071.45222817361,Medium,WUC,1,10459.320675187038,0,0,19
65553.84,2,7,88425.68652689288,Medium,WUC,0,0,0,0,16
116086.26,4,5,69966.72096759669,High,WUC,1,10891.048993595507,0,0,20
55498.619999999995,1,11,91396.50868315785,Medium,Absa,0,0,0,0,6
192373.5,9,6,86641.31586762425,Low,BPC,1,12269.003928810675,0,0,12
212417.19,12,8,21283.539113738574,Low,Letshego,1,2068.567225481739,0,0,2
166957.77,5,4,34116.62454600498,Medium,WUC,1,5248.458929444155,0,0,16
185840.01,9,5,14329.882732189377,High,BPC,0,0,0,0,18
196282.38,4,7,49036.01391990064,Medium,Letshego,0,0,0,0,18
139814.55,6,4,33092.41540194914,Medium,BPC,1,5102.791299597786,1,2821.700024872241,1
142361.73,5,4,7909.270871428773,Medium,Absa,0,0,0,0,6
97684.62,5,6,57657.66051171976,High,Letshego,0,0,0,0,13
159003.84,5,3,40555.91346517671,Low,BPC,1,4467.461430480054,0,0,8
92398.02,2,8,81453.96236211172,Medium,Letshego,0,0,0,0,14
99580.32,3,6,68949.5632459264,Medium,BPC,1,12094.85316508842,1,7165.954526638094,2
168068.49,6,3,5273.488234839868,Medium,WUC,0,0,0,0,13
169950.84,8,4,93952.91332311649,High,WUC,1,16620.660539711196,0,0,5
81122.61,1,7,94588.91677487874,Medium,BPC,0,0,0,0,6
102471.93,3,5,56977.05546844081,Medium,WUC,1,7546.450542411696,1,4336.365941966554,15
112657.98,10,6,56293.375188008475,Low,BPC,1,6333.861774277896,0,0,4
65850.20999999999,1,9,75708.30576200114,High,Absa,1,9192.348977264526,0,0,8
167646.63,6,9,47214.785752156284,High,BPC,1,8877.785902451391,0,0,14
141656.85,4,4,36836.35179550387,Low,Letshego,1,4476.403162764386,0,0,9
75165.84,2,9,84457.32104520453,Medium,Absa,1,9373.476220760565,0,0,11
209461.5,11,5,21463.71207310108,High,BPC,1,2747.592325788918,0,0,10
143427.06,1,1,48626.64188727562,Low,WUC,1,4383.4891184776825,0,0,3
179704.35,4,7,74680.0867061452,High,WUC,1,12047.210350252313,0,0,2
189396.45,7,2,11151.245228860469,Medium,WUC,0,0,0,0,4
194063.61,7,1,98717.14104792243,Medium,BPC,1,10297.176314708715,0,0,16
181637.43,7,2,15062.541443111375,High,WUC,1,2297.417044079056,1,1467.5144173018668,4
155952.03,5,4,73447.74906242173,Low,WUC,1,11426.498673462389,1,5868.665857111442,2
154155.12,5,7,28794.06595569261,Low,WUC,1,2751.3523361024872,1,1462.821753831821,2
96880.95,3,6,63907.004222171265,Medium,WUC,1,8436.415148189866,0,0,9
58195.32,1,8,87936.14977681218,Medium,WUC,1,15421.430621827356,0,0,17
120662.64,3,6,22474.932767688762,High,Absa,1,4236.325406363054,0,0,7
110340.42,3,6,91596.65310944477,Medium,BPC,1,9688.88810687763,0,0,9
116251.8,4,9,99450.13235682063,Low,WUC,0,0,0,0,9
80943.72,2,10,10886.624426237307,High,Absa,0,0,0,0,8
104607.93,11,6,62856.61344533687,Medium,WUC,1,10724.070756553814,0,0,19
119650.71,4,1,64341.54367573606,High,BPC,1,9682.63036069206,1,5822.152458874072,19
175045.19999999998,8,2,13910.390374027425,Low,WUC,1,1184.3666132262315,1,692.335622187136,6
96955.71,4,5,59996.05631774891,Medium,WUC,1,7819.927864857407,1,4040.2749046325894,15
71916.45,1,7,91331.76797075645,Low,Absa,0,0,0,0,5
58099.2,2,3,95320.55285369145,Low,BPC,0,0,0,0,19
182657.37,8,8,5544.925479555677,High,BPC,1,879.9544420075474,0,0,2
130317.36,4,6,68459.33402494388,High,Absa,0,0,0,0,20
182561.25,7,9,14453.359031666827,Low,BPC,1,1960.370806063602,1,1003.9559627464716,5
66055.8,2,7,57841.398181444034,Low,Absa,0,0,0,0,7
71876.4,5,11,99248.74330407806,High,BPC,0,0,0,0,3
74132.55,1,11,90888.99973578175,Low,BPC,1,11658.055667365252,0,0,12
171747.75,6,4,62289.08391476935,High,BPC,1,9344.044390881167,0,0,14
174687.41999999998,11,3,90057.9516671244,Medium,Absa,1,11146.834665630644,0,0,20
212390.49,11,2,7265.254179248586,Medium,Letshego,1,800.2086332020001,0,0,5
153452.91,9,3,49527.349745263055,Low,Letshego,0,0,0,0,17
99647.07,1,9,65823.90951355518,Low,WUC,1,9207.453474844666,0,0,13
85426.65,2,8,90987.8992687246,Low,WUC,1,13662.100400436755,1,7802.918426983041,20
181706.85,9,2,22398.117603996652,High,Letshego,1,3159.351101895179,1,1792.707756452661,9
169988.22,6,10,41799.09805499634,High,BPC,1,6282.107442167915,0,0,15
88171.41,2,7,75299.29193473462,Medium,Letshego,1,9780.023797453918,0,0,2
172626.18,2,1,8997.139829809777,Medium,Letshego,1,1293.5434643559017,0,0,13
192237.33,7,2,11110.028158339672,Low,Letshego,0,0,0,0,5
138209.88,6,4,40772.138159251306,High,WUC,0,0,0,0,18
149301.06,4,3,29043.891683526104,High,Absa,1,4858.301083186553,0,0,16
203608.86,8,7,10559.712422737735,High,WUC,1,1906.5903947864858,1,1131.3960817550533,17
205704.81,9,11,37660.55165259587,High,Letshego,0,0,0,0,17
159217.44,7,4,31958.507741606096,Low,WUC,1,4964.752391885346,0,0,9
64979.79,1,7,92214.07925220253,Medium,BPC,0,0,0,0,20
185778.6,10,2,52107.53600252932,High,Letshego,0,0,0,0,10
130223.91,4,5,66405.7369658663,Medium,Letshego,1,11936.73496569534,0,0,10
116075.58,4,5,8303.814888763241,Medium,Absa,1,1267.2614805413632,0,0,8
101318.49,3,3,58849.06319574831,High,WUC,1,8830.76157687258,1,5153.397917785551,2
92536.86,2,4,77092.41614911659,High,BPC,1,14836.783531930103,1,7745.957169218138,18
120975.03,3,5,86842.0009962609,Low,Absa,0,0,0,0,5
203630.22,11,6,20402.81380602345,High,Absa,0,0,0,0,7
95770.23,3,9,1707.9368499331176,High,WUC,1,281.86074893732507,1,179.89532932962712,14
144484.38,1,3,35081.17254379258,High,WUC,1,5657.457438480413,1,2944.384324597801,12
85789.77,2,10,88407.79711230332,High,BPC,0,0,0,0,19
84286.56,2,2,85029.38742861315,Low,BPC,0,0,0,0,3
168522.38999999998,6,4,39877.32399047562,Medium,WUC,1,6317.896710742536,0,0,11
103625.37,4,5,66793.83129384369,Low,BPC,1,9950.363592078527,0,0,18
75569.01,1,1,88485.05347425723,Low,Absa,1,7707.781943443279,0,0,18
62696.939999999995,1,11,29377.670413770247,Medium,WUC,1,4693.12436140414,0,0,18
202562.22,12,4,24923.146332580247,Medium,Letshego,1,2930.856996166515,0,0,16
144447,5,5,29036.575740650354,Medium,BPC,1,3740.520535014076,1,2220.508586527985,4
72266.22,1,10,78352.62852009287,Medium,Letshego,1,13914.820006537808,0,0,3
143880.96,5,3,39229.557645883935,Medium,Absa,0,0,0,0,3
139948.05,1,4,32708.70712800324,High,Letshego,1,5743.618300518852,0,0,9
184713.27,9,2,21820.904335634026,Low,BPC,1,2906.2920806080147,0,0,16
166017.93,5,3,41087.485463494726,Medium,Absa,1,5638.731313544629,0,0,18
144353.55,6,4,31316.444254178787,Medium,Absa,0,0,0,0,9
168954.93,2,1,62907.2635939559,Low,Letshego,0,0,0,0,16
173942.49,10,9,24316.29111372761,High,Letshego,0,0,0,0,10
114502.95,4,5,69386.78942032717,High,BPC,1,8873.350895519286,0,0,14
99540.27,4,5,53947.00616269477,Medium,BPC,1,9685.749703516736,0,0,15
138575.66999999998,6,3,32534.903434055508,High,Letshego,0,0,0,0,14
94995.93,4,5,56359.95124674676,Low,WUC,1,4809.813913734285,1,2612.8902794843734,17
186651.69,9,5,63154.819969183765,Medium,WUC,1,11101.201834328935,1,6754.657229432723,7
118339.74,3,6,62998.43785454944,High,Letshego,0,0,0,0,4
65035.86,1,10,93597.1243251444,Medium,WUC,1,10874.09237573676,1,6947.474757230746,3
206193.42,8,2,35026.539600537624,High,BPC,1,6956.979243146989,0,0,1
88192.77,5,9,92919.2154285718,Medium,Letshego,0,0,0,0,18
118382.46,3,5,70547.15769772977,Low,Absa,0,0,0,0,16
153631.8,6,7,64669.03587287245,High,WUC,1,10882.245993018376,1,5949.729991807383,2
154069.68,5,3,36657.339593223005,Medium,BPC,0,0,0,0,3
105982.98,9,6,90657.29594230046,High,BPC,1,15623.417706879984,1,9495.704535026707,4
75654.45,1,1,90888.4052192343,Medium,Letshego,1,11294.944480595143,0,0,11
199926.93,11,1,18923.560512152966,High,WUC,1,3748.6212437360955,1,2556.302537422981,15
149378.49,6,3,97942.79488587147,High,Letshego,0,0,0,0,3
173485.91999999998,9,4,23468.52231974271,High,BPC,0,0,0,0,3
200615.79,12,2,53877.18799427757,Medium,BPC,1,7097.3322923820215,0,0,11
138108.41999999998,5,2,37106.35389753478,Low,Absa,0,0,0,0,7
112991.73,3,5,57901.09239486995,Low,WUC,1,8150.997767985885,0,0,9
63941.16,2,7,87133.74129662762,High,WUC,1,14290.833286926536,0,0,3
190269.54,9,2,61852.337175218854,High,Letshego,0,0,0,0,19
135168.75,5,3,30002.871198404,High,WUC,0,0,0,0,15
87042,1,6,21896.274170325603,High,WUC,1,3159.8813481363295,1,1638.9738106188397,10
113611.17,4,5,65008.61174997315,Medium,BPC,1,9979.25573374409,0,0,14
86620.14,12,10,79760.66476871906,High,WUC,1,13594.982149057529,1,8437.30007194761,6
126969.18,5,5,9250.280582238454,Low,Absa,0,0,0,0,14
92088.3,1,2,42186.438612002414,Medium,Letshego,1,5067.539755007522,0,0,8
72413.06999999999,4,6,95104.130237604375,High,WUC,1,12573.409430843043,0,0,14
65009.16,4,10,99330.45894303033,High,Absa,1,15388.544477569583,0,0,9
164095.53,6,3,46408.702273622795,Low,Absa,0,0,0,0,15
99369.39,3,5,55958.115124933305,High,WUC,1,10130.70965578751,1,5465.7702555448395,6
77336.55,11,9,36105.31991943903,Low,Letshego,0,0,0,0,15
209183.82,10,8,1727.1113336167764,High,Absa,1,269.61689330310196,0,0,12
119164.77,8,5,65432.79708993033,Medium,WUC,1,9596.696774612095,1,5497.6127076877765,1
117771.03,4,5,23354.675198548008,Medium,BPC,0,0,0,0,8
157297.71,5,4,29847.364417230594,Medium,Absa,0,0,0,0,9
200191.26,9,2,75420.03799616499,Medium,BPC,0,0,0,0,9
88110,1,9,83037.4715652109,Medium,Letshego,1,8760.260712162722,0,0,11
141189.6,5,4,81448.07931877207,High,WUC,1,11251.150968849408,1,7256.848286987126,17
168752.01,5,11,33140.16554934671,Medium,WUC,1,4505.145132693428,1,2277.361792780324,16
117039.45,4,10,52516.425496245094,Medium,Absa,1,5434.684576895628,1,2874.6290722963163,2
68458.8,1,2,93464.6122423007,High,Absa,1,12540.611047255446,0,0,3
155110.97999999998,5,3,29602.33360308665,Low,BPC,0,0,0,0,7
53797.83,5,10,78068.11105276778,High,BPC,1,13050.738081222844,0,0,7
87124.77,9,4,71196.9370578872,Medium,WUC,0,0,0,0,15
162178.47,4,3,25622.609419805056,Low,WUC,0,0,0,0,4
192162.57,10,7,36617.22420015838,High,BPC,0,0,0,0,20
181511.94,8,9,14680.84381173976,Medium,BPC,1,1663.302448313687,1,911.6351749367816,17
75027,1,8,51216.95199773181,Low,BPC,0,0,0,0,12
115477.5,3,4,69078.5697935489,Medium,WUC,1,7387.776029871176,1,4202.131729683159,18
179712.36,7,2,41195.784735351335,Medium,Letshego,0,0,0,0,1
164405.25,6,4,36897.64264539117,High,Letshego,0,0,0,0,16
148601.52,6,4,18687.298651841935,Medium,Absa,0,0,0,0,18
73240.77,2,10,2684.3561615622602,Low,BPC,1,386.0930194039365,0,0,3
142324.35,6,4,55168.82505999599,High,Letshego,1,9961.331037542519,0,0,10
125396.55,4,2,68400.14813796844,Medium,WUC,0,0,0,0,14
176139.9,11,2,14062.65263828158,High,BPC,1,1905.6410578893124,0,0,10
57581.22,2,9,87270.69867558184,High,BPC,1,14947.114304205907,0,0,18
84665.7,2,10,85696.55188752839,High,WUC,1,11539.923360410052,1,6479.060222355607,9
194573.58,7,1,60211.377229165286,Medium,BPC,1,6978.97653591932,1,4097.997095114844,12
70989.95999999999,1,2,83484.97219822882,Low,Absa,0,0,0,0,13
208561.71,9,1,97087.8021479724,High,WUC,1,15566.935255850118,1,8791.017090583257,6
115109.04,3,5,43658.3065074468,Low,Absa,0,0,0,0,18
190945.05,10,4,24619.5506467144,Medium,Letshego,0,0,0,0,4
195558.81,10,5,3082.859407863696,Medium,BPC,1,370.3801945973556,0,0,12
131751.15,12,4,41959.186357810395,Medium,WUC,0,0,0,0,6
168439.62,9,3,27912.853318183275,High,Letshego,1,5047.926983080548,0,0,2
131369.34,3,5,51618.64220861072,Medium,BPC,1,7952.404882200182,0,0,15
211792.41,11,9,63011.17227613693,Medium,BPC,0,0,0,0,13
63772.95,2,1,80386.37187090324,High,Letshego,0,0,0,0,7
78658.2,2,8,9597.841898170765,Low,BPC,1,1340.4628219734268,0,0,18
179213.07,7,2,21828.1896048552,Medium,WUC,1,2810.2485748490167,0,0,12
140257.77,6,7,25823.771508632344,Medium,BPC,0,0,0,0,19
120131.31,3,11,73069.03417748126,Medium,Letshego,1,8153.864999155781,1,4118.77832087369,18
213421.11,7,2,22803.33397790749,Medium,Absa,0,0,0,0,8
94357.8,4,5,67997.17247067619,Low,Letshego,0,0,0,0,15
134762.91,2,10,40696.820680113335,High,Letshego,1,5899.39626420003,0,0,17
66050.45999999999,7,11,79424.24411100557,Low,WUC,1,10798.388392512741,1,5743.091067821013,18
183749.4,3,1,7029.78288380173,High,Absa,0,0,0,0,3
114625.77,3,6,51287.036321539024,Low,Absa,0,0,0,0,2
181909.77,9,2,31959.582460002042,Medium,WUC,0,0,0,0,20
85106.25,1,1,32711.68523931643,Low,Letshego,0,0,0,0,8
205013.28,10,2,3112.9573196377605,High,Absa,0,0,0,0,15
108775.8,4,10,51218.247577718226,Low,BPC,1,6126.833330672949,0,0,11
137032.41,6,10,1382.8100608200766,High,Absa,0,0,0,0,8
71291.67,10,7,76181.58686515072,Low,Absa,0,0,0,0,15
195331.86,12,4,23996.069811457826,Medium,Letshego,0,0,0,0,18
206270.85,7,1,78555.88508910406,Medium,BPC,0,0,0,0,3
59869.41,1,9,81235.11049744068,Medium,Absa,0,0,0,0,8
132477.38999999998,5,3,46567.36939787894,Low,WUC,0,0,0,0,16
89615.88,2,7,96631.68186265993,Medium,BPC,1,13306.00675750423,0,0,5
190979.76,9,2,5922.922027102672,Medium,WUC,1,981.9195482685257,0,0,13
138455.52,6,4,46665.036009982985,Low,BPC,1,7407.244800908071,0,0,8
54142.26,1,10,29031.706670349464,High,BPC,1,4413.384099339257,1,2312.337602383306,12
97866.18,3,11,64069.35209202021,High,Letshego,0,0,0,0,12
105497.04,10,5,68932.82785368082,High,WUC,0,0,0,0,14
147709.74,5,3,26302.13340717909,Low,Letshego,0,0,0,0,16
93399.27,3,10,63081.652203715115,Low,Absa,1,7752.751570894571,0,0,10
60307.29,1,9,72064.85247158166,Medium,BPC,0,0,0,0,8
71131.47,2,7,34725.070334455,Low,Letshego,0,0,0,0,17
166140.75,6,4,40717.83159960684,Medium,WUC,0,0,0,0,11
203830.47,10,1,73320.68304969277,High,BPC,0,0,0,0,15
103248.9,3,3,61749.244383904035,Medium,Absa,0,0,0,0,17
65975.7,2,8,95669.33859637985,High,Letshego,1,16521.445015256242,0,0,9
104944.35,3,10,58275.35558991553,High,WUC,0,0,0,0,9
153508.97999999998,5,4,29799.84543612838,Medium,Absa,1,4438.1764806218725,0,0,17
123928.05,4,5,69940.78820163099,Low,Letshego,0,0,0,0,15
181776.27,11,2,9960.275724728708,High,WUC,1,1581.1174116046482,0,0,13
98141.19,3,6,65586.35243638937,Medium,Letshego,0,0,0,0,14
144828.81,5,4,67241.23989751423,High,Absa,1,10911.903222935865,1,5717.967461818207,15
60149.759999999995,2,8,96683.80514555128,High,Letshego,1,13731.318197239336,1,7231.761833777612,6
83952.81,2,11,77769.3646119,Low,BPC,1,6380.851049458861,0,0,6
169878.75,5,6,41477.575363879674,Low,WUC,0,0,0,0,5
185834.67,11,10,88582.79596951697,Medium,Letshego,0,0,0,0,19
135216.81,5,4,29256.39572774252,High,Absa,1,5577.300119829245,0,0,6
144350.88,5,7,44858.648458478274,Low,Absa,0,0,0,0,10
53584.23,7,8,99413.16269843793,Medium,BPC,0,0,0,0,2
76434.09,2,10,92087.74960462027,High,BPC,1,17456.5511794023,0,0,16
192127.86,10,2,7180.558794478304,Low,WUC,1,674.9782623710971,0,0,9
66627.18,1,7,85069.04490441526,Medium,Letshego,0,0,0,0,10
92579.58,4,4,89365.02780742239,High,WUC,0,0,0,0,19
210644.31,9,1,23373.172383459518,Low,Letshego,1,3009.278067213053,0,0,8
145928.85,5,3,96424.57402247796,Medium,Letshego,0,0,0,0,15
93247.08,11,11,78426.55242153455,Medium,Absa,0,0,0,0,16
151914.99,5,4,16958.195600401144,Medium,BPC,0,0,0,0,5
58486.35,2,7,82682.57756626257,Medium,BPC,0,0,0,0,2
76855.95,2,11,94290.645472312,Medium,Absa,0,0,0,0,7
166031.28,12,4,28445.877714461647,Medium,BPC,0,0,0,0,14
63903.78,1,10,56026.356722881086,High,Absa,0,0,0,0,16
153012.36,6,4,19637.95057975361,Low,Absa,1,2757.453999922172,0,0,13
203560.8,12,1,98721.0559440609,High,BPC,1,11877.876728698575,0,0,19
67481.58,1,7,24108.548034497537,Medium,Absa,1,3769.695051598189,0,0,1
209242.56,9,1,7680.606038386177,High,Letshego,1,1106.860164879764,0,0,8
57567.869999999995,2,11,55578.173999035265,Low,BPC,0,0,0,0,13
169582.38,6,4,38528.26233463595,Medium,BPC,1,6929.16076515135,1,4090.9495975522386,3
126082.74,7,5,73952.23693144479,Medium,BPC,0,0,0,0,1
144102.57,5,4,36531.49598377454,Low,WUC,0,0,0,0,4
193211.88,9,2,21772.54573638778,Medium,Letshego,1,3127.9268192984896,0,0,15
142241.58,6,11,3839.873094848823,Medium,WUC,1,521.7803196223765,0,0,17
171571.53,7,3,2570.3011208926328,Medium,WUC,1,402.9022799993397,1,220.9090523906527,7
153225.96,5,3,98831.0405200771,Medium,Letshego,1,15332.687711690547,0,0,6
103227.54,2,4,17495.844129242934,Low,WUC,0,0,0,0,6
116230.44,4,5,72438.41663252382,Medium,Absa,1,11643.593461658598,0,0,19
85773.75,6,11,75272.22634025605,High,WUC,1,13250.517831448851,1,9045.168054269792,10
190015.89,11,10,65443.527734087314,High,BPC,1,10208.360683137003,0,0,14
150614.69999999998,5,4,45365.70110680262,Low,Letshego,0,0,0,0,18
174527.22,11,10,1986.0394421527744,Medium,BPC,0,0,0,0,13
143515.16999999998,6,6,27367.626256510208,Low,WUC,0,0,0,0,6
97599.18,3,5,48551.637761030346,Medium,Letshego,1,6991.114314280247,0,0,18
171237.78,5,3,35891.05511438282,High,WUC,0,0,0,0,15
141395.19,2,3,75442.5806727102,High,BPC,1,10542.629790697178,1,6397.844431422012,2
108850.56,4,10,68593.18185296457,Low,WUC,1,10671.325666906794,0,0,13
135897.66,6,2,43458.12346196844,High,Absa,1,6362.083707187484,1,3214.5293513767892,17
184085.82,8,2,20400.532266704948,High,WUC,1,2974.636998281321,0,0,3
137707.91999999998,6,3,80361.31134388084,Low,Absa,0,0,0,0,19
85925.94,1,11,79490.27914322028,High,WUC,1,15790.893182371863,1,10355.806947732082,2
189265.62,2,2,11140.203415851342,Low,BPC,1,896.0524652159909,1,489.5132121642531,4
112754.1,8,6,72148.61141621042,Medium,Letshego,0,0,0,0,1
101994,4,5,45394.33495137654,High,BPC,0,0,0,0,8
176850.12,2,2,19933.972351489996,High,Absa,0,0,0,0,14
170898.69,5,4,33990.95014571777,High,Letshego,0,0,0,0,13
187791.78,12,2,57882.10225417884,High,WUC,1,10980.557433009479,1,5511.063268102864,10
144561.81,1,4,20540.1146613718,Low,Letshego,1,2325.799160983734,0,0,3
57610.59,7,8,90952.56844132318,Low,WUC,1,13168.01925363169,0,0,19
131278.56,4,5,74184.17645450571,Medium,WUC,1,9097.276946126609,1,5044.165279893104,12
140337.87,6,3,45713.63527561666,Medium,Absa,1,8092.486353350983,1,4330.43267675278,15
187434,8,10,94342.8805551366,Medium,Absa,0,0,0,0,6
170132.4,6,5,93138.7147903745,Medium,BPC,0,0,0,0,16
142329.69,6,4,32916.32298090216,Medium,Letshego,1,5077.033465875344,1,2749.699028421654,13
65161.35,2,10,85323.90613343439,High,Letshego,0,0,0,0,18
75267.3,2,10,96501.13297361095,Low,Absa,0,0,0,0,9
163075.59,5,5,46706.314381200355,Low,Letshego,0,0,0,0,7
69358.59,11,10,76258.21944563277,High,WUC,0,0,0,0,15
86046.09,4,7,79098.83325521578,High,Absa,1,11751.30898352303,0,0,14
112030.53,4,8,21932.572954934556,High,Absa,0,0,0,0,9
188961.24,7,2,11479.968107869965,Medium,Letshego,0,0,0,0,16
91346.04,2,3,74772.07200197957,High,BPC,1,11263.64052091118,0,0,7
166322.31,5,6,29039.86202577583,Medium,Absa,1,4319.8891350515305,0,0,18
70640.19,1,11,83514.02015423588,Medium,Letshego,1,9119.025255852779,1,4713.989621520629,13
178206.47999999998,2,1,62422.03307061223,Medium,Absa,0,0,0,0,16
94267.02,4,6,38582.75749425078,Low,BPC,0,0,0,0,15
141197.61,6,6,49333.215292589855,Medium,Absa,0,0,0,0,14
58830.78,8,6,2590.7682270077057,Medium,WUC,1,446.0199091494227,0,0,14
182539.89,7,6,19894.08220459055,Medium,BPC,0,0,0,0,5
107507.55,4,5,68276.82909276371,Low,Absa,1,7093.562516410927,0,0,12
200188.59,11,4,7637.075656708272,High,WUC,0,0,0,0,16
110607.42,11,7,67725.59557442978,Low,Absa,1,8818.410397614787,0,0,5
209653.74,10,1,1991.056617145252,Low,BPC,0,0,0,0,14
114978.21,7,11,16366.33004402835,Low,Letshego,0,0,0,0,3
131684.4,3,8,72387.75619850139,Medium,Letshego,1,8718.791065767731,1,4628.062486195015,15
132023.49,5,6,44889.2369316658,Medium,Absa,1,4652.027254044749,0,0,19
55362.45,5,11,28643.46808959404,Low,Absa,1,3104.675821336416,0,0,14
156162.96,6,4,13084.204685803503,Medium,Absa,0,0,0,0,14
135513.18,5,4,44388.12725289166,High,Letshego,0,0,0,0,9
104720.07,3,6,53434.81472848839,High,BPC,1,9307.152537223465,1,5592.82757911356,4
146545.62,5,4,43036.51271053549,Medium,Letshego,0,0,0,0,10
152299.47,9,3,98077.78669900633,High,Letshego,0,0,0,0,3
123610.32,3,5,68125.98990773951,Medium,Letshego,0,0,0,0,15
80692.73999999999,7,1,90819.30728659354,Medium,Absa,0,0,0,0,8
167956.35,6,4,63351.35000921972,High,BPC,1,11921.389157511996,1,6570.614436998567,12
173194.88999999998,11,2,4130.246014338743,Low,WUC,1,425.975996814473,0,0,8
188595.45,8,2,5133.819887089077,Low,BPC,1,760.7997410442795,0,0,5
139069.62,2,3,35555.14649288694,Medium,Letshego,0,0,0,0,11
101817.78,3,5,16135.748768993653,High,WUC,0,0,0,0,8
126533.97,3,6,40423.30532662384,High,Letshego,0,0,0,0,17
114972.87,3,6,69472.84394151205,Low,WUC,0,0,0,0,3
93297.81,2,6,55277.57181282248,Low,WUC,0,0,0,0,2
158272.26,6,4,48584.99286741932,Low,BPC,1,7155.371772318286,1,3591.63980635247,4
206441.73,1,9,67186.71097553801,High,WUC,1,11911.216283245696,1,7284.775982843526,19
100031.55,3,4,72053.71218774986,High,Letshego,0,0,0,0,9
157559.37,6,4,5295.1382171064615,Low,Absa,1,827.4754482626722,0,0,14
139325.94,6,5,43413.354217873886,High,BPC,0,0,0,0,2
149111.49,11,3,27018.484985040734,Medium,BPC,1,4483.793106948515,0,0,10
57388.98,2,3,93929.24831146718,Low,BPC,1,13481.042328299194,0,0,2
54176.97,12,10,76135.81180600682,Low,Letshego,1,8711.132679898043,0,0,13
74447.61,1,8,78113.5462055991,Medium,BPC,1,11072.547636723612,0,0,17
57375.63,2,9,76874.27011869522,Low,BPC,1,9821.819681712746,0,0,5
68159.76,1,10,80034.57143460162,Medium,Absa,0,0,0,0,6
129583.11,4,6,57116.60057333455,Medium,WUC,0,0,0,0,17
84903.33,2,2,53559.83421424497,High,Letshego,0,0,0,0,2
183909.6,9,2,1948.2525413339026,Low,Absa,0,0,0,0,16
92499.48,2,10,37439.36308486108,Medium,BPC,0,0,0,0,10
131705.76,6,4,56899.09186858963,Medium,WUC,1,9144.919991616243,0,0,3
157351.11,6,4,39010.780303581676,Low,WUC,1,3966.9305069960033,1,2120.495786684612,18
78826.41,12,9,94302.48858210864,High,WUC,1,16817.108512097628,1,11626.902350326369,5
187484.73,11,7,1853.675718264305,Medium,WUC,0,0,0,0,15
123343.32,3,6,57873.44937021221,High,Letshego,1,10029.301914763493,0,0,9
90806.7,1,9,98192.45426342025,Medium,WUC,1,16395.10911653601,1,8830.247502809778,14
101275.77,11,6,66646.68733440043,Low,Letshego,0,0,0,0,5
78938.55,1,2,92582.03221815196,Low,Absa,1,13582.204670537898,0,0,18
147207.78,10,3,72271.13141068257,Low,BPC,1,6827.568247009477,1,3681.2057684073357,2
77235.09,2,8,75840.42669948284,High,Absa,0,0,0,0,5
82086.48,1,10,22528.79553142097,Low,Letshego,0,0,0,0,6
107742.51,4,11,21608.25825274922,High,WUC,0,0,0,0,16
82860.78,1,9,76443.62339481252,Medium,BPC,0,0,0,0,8
118366.44,3,6,70737.82066627621,Medium,Absa,0,0,0,0,6
151693.38,8,4,26355.119041173253,High,Absa,1,5195.241211121969,0,0,2
163243.8,11,4,19200.274353901856,Medium,WUC,0,0,0,0,11
185330.04,11,2,72893.88539636973,Low,Absa,0,0,0,0,10
113312.13,6,5,65078.51907372463,Low,WUC,1,10341.262230039183,0,0,20
206043.9,9,2,11244.99209124269,Low,Letshego,1,1459.3209598398232,0,0,4
56417.1,6,8,99436.01135819172,Medium,BPC,1,13308.373245027451,0,0,17
151501.13999999998,6,3,37829.54464757419,Low,BPC,1,5078.407483716204,0,0,2
127663.38,4,6,66992.25278771156,Medium,BPC,0,0,0,0,16
110228.28,6,6,62987.74892862636,Medium,BPC,1,9538.045723098874,1,5368.132150495209,5
194763.15,9,1,55436.618195275776,Medium,Letshego,0,0,0,0,4
65543.16,2,11,93284.97730096377,Medium,WUC,1,16417.279754239637,0,0,5
194901.99,10,1,21841.46625695069,Low,Letshego,0,0,0,0,5
83552.31,3,8,86039.9285896754,High,Letshego,1,13909.741046134519,1,8171.12506866176,19
87853.68,1,10,76098.2047576874,Low,BPC,0,0,0,0,20
192699.24,12,1,19516.024961140007,Low,Absa,0,0,0,0,7
63145.5,2,1,43606.01767568756,Low,BPC,0,0,0,0,4
91030.98,10,11,75795.97932874243,High,Letshego,1,12900.252424817858,1,6983.869907413623,14
212481.27,9,2,30567.927944750525,Low,WUC,1,3996.752429534421,0,0,12
162047.63999999998,6,5,53101.16996415844,Medium,WUC,0,0,0,0,8
123164.43,3,6,29320.225465789903,Medium,WUC,0,0,0,0,16
113846.13,3,6,61612.91778155742,Low,BPC,1,5837.371742847722,0,0,6
127281.57,3,8,66598.86882702768,Medium,WUC,1,8596.602776382693,1,5339.426407599776,17
181856.37,7,8,1973.2021760321804,Low,BPC,1,290.75403441951767,0,0,4
159607.26,6,4,46532.66154080909,High,WUC,1,6107.061534921788,1,4215.153751634007,17
128053.2,8,6,90289.00182814198,Low,Absa,1,13953.823427586087,0,0,2
61933.32,1,2,17283.66914801579,Medium,Absa,0,0,0,0,9
91399.44,2,4,88688.7544541586,High,Letshego,1,12378.564703607011,0,0,14
90763.98,2,8,85555.13195654238,Low,Absa,1,8395.556107807746,0,0,5
90350.13,2,9,83524.28347204026,High,Absa,1,10221.234941342556,0,0,19
63289.68,10,7,99753.83967342181,High,WUC,1,15271.423938151758,1,10356.55226093257,8
133038.09,6,1,38250.255525004526,Low,Letshego,0,0,0,0,13
92510.16,2,8,71104.08510149736,Low,WUC,1,8799.722381388661,0,0,4
174860.97,11,1,19257.287654687767,Medium,WUC,0,0,0,0,14
141077.46,11,9,86430.41761319153,Medium,Letshego,0,0,0,0,15
205280.28,8,1,98789.89283148851,Low,Absa,0,0,0,0,10
67203.9,2,8,89874.20731054823,High,Absa,1,17098.290906364364,0,0,18
205250.91,12,1,10758.228084443603,High,BPC,1,2059.6443238442334,1,1041.2114191688793,17
169128.47999999998,5,3,35935.01104670111,High,WUC,1,4968.60816646527,0,0,20
201104.4,11,1,91454.81646526791,High,Letshego,1,11309.378143508944,0,0,14
151736.1,3,4,48584.720402314444,High,WUC,1,6397.143788606578,1,3438.1971685038666,13
79186.86,2,9,56786.227691360284,Medium,BPC,1,8456.956048417509,0,0,2
82705.92,2,10,82939.6324469109,High,Letshego,0,0,0,0,5
170375.37,5,4,25656.973311822454,Low,BPC,0,0,0,0,2
147843.24,6,3,40061.988652885484,High,BPC,0,0,0,0,17
103459.83,3,6,63912.85532821494,High,BPC,1,7713.820255107399,1,4387.121519562426,9
177202.56,6,1,3113.583589060174,Medium,WUC,1,351.1971466418495,0,0,17
107275.26,7,4,7377.587860354222,Low,Absa,0,0,0,0,4
190480.47,7,2,4838.622075104853,Low,BPC,1,396.7270928876027,0,0,9
146401.44,6,3,43467.186894543,Low,WUC,1,4826.805131224764,0,0,15
119997.81,3,1,1952.6114205578342,High,Letshego,1,267.76331232836765,1,142.78067043755235,2
202797.18,10,10,19021.494854356162,Low,BPC,1,2501.541328838031,0,0,7
127524.54,5,5,54894.70025090367,Low,WUC,1,4990.186154208651,0,0,16
69315.87,2,7,42437.786746000405,High,Letshego,0,0,0,0,17
127965.09,3,6,54886.518605772406,High,Letshego,1,7848.508460421828,0,0,18
211050.15,10,1,3491.6772944349214,High,BPC,1,629.8497749537632,1,369.6839227596306,19
201627.72,7,1,70872.84363573324,High,Absa,1,12430.274394967226,1,6775.255981632648,8
123151.08,4,5,52512.37177914055,Medium,Absa,0,0,0,0,19
192728.61,12,5,20293.090282058984,Low,WUC,0,0,0,0,14
101516.07,1,6,60275.77698750846,High,Absa,0,0,0,0,9
181234.26,8,2,13395.111576269846,Medium,WUC,1,1574.5822175703393,0,0,8
181642.77,10,1,66421.04986536456,Medium,BPC,1,7104.282262706482,1,3827.057078804314,5
115386.72,1,11,62239.905007334426,Low,WUC,0,0,0,0,15
114529.65,3,6,60953.882683664444,Medium,Letshego,0,0,0,0,9
156811.77,5,8,43897.68506058626,Low,WUC,1,5664.422070272774,0,0,10
191439,2,2,19603.739012363018,High,WUC,1,3308.9642606101897,1,1847.2975184520603,3
158592.66,4,2,64346.03583710315,Medium,Absa,1,10579.02690481473,1,5687.188083226187,8
136116.6,5,4,29364.34753332933,High,BPC,1,5749.934821390131,0,0,18
77235.09,2,11,6672.972243992612,Medium,Letshego,0,0,0,0,11
151565.22,6,4,26040.63425715425,Medium,Letshego,0,0,0,0,2
60123.06,2,11,89203.38952574646,Low,Letshego,0,0,0,0,8
133238.34,6,3,37687.9121561409,High,BPC,1,5945.675973487216,0,0,3
171867.9,3,5,10910.56418116513,Medium,WUC,0,0,0,0,6
174174.78,8,1,18980.748574490193,High,WUC,1,2318.3974053718375,1,1542.9265059188467,15
63508.619999999995,1,7,87669.21097320213,Medium,BPC,0,0,0,0,8
124285.83,3,5,69085.39483998483,Medium,Absa,0,0,0,0,13
133606.8,9,4,73476.04208192928,Medium,WUC,0,0,0,0,10
96694.05,4,3,53563.26716472441,High,Letshego,1,9725.199085906035,1,5192.389625049464,16
149327.76,5,4,50015.25735965988,Medium,Letshego,0,0,0,0,12
171280.5,5,8,26898.709148867987,Medium,WUC,1,3987.21629467191,0,0,4
167716.05,6,3,48910.41549818247,Medium,WUC,1,8074.591626677636,0,0,19
72063.3,2,7,78093.23980848497,High,Letshego,0,0,0,0,2
145533.69,5,2,40549.04183089,High,Letshego,1,6599.19470513589,1,3729.3662363594644,3
181260.96,9,1,3091.25981085276,Medium,Absa,0,0,0,0,17
90537.03,2,3,89584.02831091179,Low,Absa,0,0,0,0,9
169520.97,2,3,30504.28571184515,High,BPC,0,0,0,0,15
187650.27,10,1,96594.8636844093,Medium,Absa,1,10148.015361581733,0,0,15
72437.09999999999,2,2,98115.73761298135,Medium,WUC,0,0,0,0,20
207023.79,8,1,10856.87709038303,Medium,WUC,0,0,0,0,19
173192.22,12,3,22248.738123232382,Medium,WUC,1,3602.2532116627717,0,0,4
183303.51,6,2,63221.74621910369,Medium,Letshego,0,0,0,0,14
83824.65,1,2,95457.53715895012,High,Letshego,0,0,0,0,2
57559.86,2,1,2512.059808090329,High,WUC,1,383.7251536662356,1,203.03720281545992,10
191778.09,11,9,19060.9815042477,Low,Letshego,1,2906.4543658085017,0,0,16
200653.17,10,4,18922.066297268786,Medium,Letshego,1,2092.429407194617,0,0,8
75448.86,1,9,86753.09845367057,High,Absa,1,16158.027877282258,0,0,19
129919.53,5,8,72230.14929636498,High,Absa,0,0,0,0,14
127567.26,5,5,63930.43207116297,High,BPC,1,7711.437603517874,0,0,9
165569.37,5,4,25014.4756308925,High,Letshego,1,4016.447678955543,0,0,17
63903.78,2,7,90837.05925375735,Medium,WUC,1,9191.943908696881,1,5885.496407974627,16
170831.94,6,3,59697.02413293021,High,BPC,0,0,0,0,9
116828.52,4,5,66350.25274327263,High,Letshego,0,0,0,0,7
127329.63,4,5,4842.874447744805,Low,Absa,0,0,0,0,12
169593.06,6,4,27379.95971038821,Medium,Absa,1,2951.3508839293727,0,0,17
128694,4,5,54501.409454050765,Medium,BPC,0,0,0,0,12
213522.57,12,1,7061.412320034055,High,BPC,1,1122.583733425863,1,686.3324403845581,13
188918.52,12,8,15709.637069293996,Medium,WUC,0,0,0,0,16
186077.64,11,1,25249.37191402586,High,Letshego,0,0,0,0,14
175416.33,12,5,5528.311480007367,High,BPC,1,966.0607605825287,1,587.4884682518905,17
71358.42,9,1,69430.67348977877,High,WUC,1,9852.730301197249,1,5571.403601758863,3
187805.13,6,1,3057.0804561259574,High,WUC,1,604.3673315724274,1,375.3116486987378,13
183778.77,12,10,3031.234509992297,High,Letshego,0,0,0,0,6
212224.95,5,3,4163.622674098937,Low,BPC,1,560.6834223755045,0,0,10
61140.33,1,6,96870.25341985747,High,BPC,0,0,0,0,6
173034.69,8,1,19984.434777214716,Low,Letshego,0,0,0,0,18
120574.53,4,6,66142.56158911221,Medium,Absa,0,0,0,0,9
146660.43,10,4,46885.769970354566,Medium,Letshego,0,0,0,0,12
186483.48,5,1,88347.40008075954,Low,Letshego,1,8814.065030279351,0,0,3
55568.04,1,8,57422.02925751358,Medium,BPC,1,7513.0428919818405,0,0,19
55244.97,2,10,75682.31760251097,High,Absa,1,12145.399550567294,1,6501.996724163135,15
213031.29,9,1,50994.52732820576,Medium,BPC,1,8979.004630517873,1,4751.481661947134,10
176062.47,6,11,21542.026679010305,Low,Absa,0,0,0,0,4
103809.6,4,5,66150.25015852274,High,Absa,0,0,0,0,15
183485.07,8,2,94992.07019436732,Medium,WUC,0,0,0,0,13
212192.91,8,1,4763.764881740499,High,WUC,1,840.9300827637936,1,437.6984855776006,2
85562.81999999999,6,11,87351.52757808857,Medium,Absa,0,0,0,0,2
156894.54,5,5,43018.857044287375,Medium,BPC,1,7654.69171653998,1,3886.532041855305,10
123495.51,4,1,60471.93903853011,Medium,Letshego,0,0,0,0,4
203672.94,9,1,8607.336871066247,Low,WUC,1,876.0508791839593,0,0,10
211677.6,6,1,11257.693894232623,Medium,BPC,1,1747.8849269374198,0,0,20
126501.93,3,1,15657.06612398522,Low,BPC,1,1683.1457893450151,0,0,5
90344.79,7,1,80314.23461103521,Medium,Letshego,0,0,0,0,15
164816.43,5,5,36991.201851274,Medium,BPC,0,0,0,0,4
142572.66,6,10,36550.92159390502,Low,Absa,0,0,0,0,11
147071.61,6,8,89810.32117995573,High,Absa,0,0,0,0,17
122868.06,3,6,72502.88231850357,High,Absa,1,10391.372785782394,0,0,3
121674.57,3,3,3285.2859824127518,Low,Absa,1,440.92329984741866,0,0,17
149015.37,1,4,31209.29497157794,Low,BPC,1,3983.1408441069552,0,0,6
125823.75,3,5,65632.04424886958,High,Letshego,0,0,0,0,3
206649.99,8,2,22618.68566104368,Low,Letshego,1,2475.0501842121007,0,0,4
188678.22,8,1,16165.599134526565,High,BPC,1,2132.8659859131594,0,0,14
89087.22,1,8,44200.162271786015,Medium,WUC,0,0,0,0,14
120710.7,4,8,60690.80847382144,High,BPC,1,11120.646604253829,1,5838.915490301881,4
120681.33,4,5,68753.25727702025,Low,Letshego,0,0,0,0,20
56729.49,2,10,63689.790116813965,Medium,Absa,0,0,0,0,4
114348.09,6,5,61708.124099645356,High,WUC,0,0,0,0,19
121060.47,4,5,54217.75290970324,Medium,Letshego,1,6060.414096512421,0,0,14
84067.62,2,8,69243.89719167538,Low,WUC,1,7771.301281262186,1,4220.176358457869,12
166394.4,6,4,13753.109914494678,Low,BPC,0,0,0,0,6
55565.369999999995,2,9,29677.49948551599,Low,WUC,1,3926.128044652944,0,0,7
170538.24,6,4,28133.834893015388,High,WUC,0,0,0,0,17
122721.21,4,5,60963.862436166324,Medium,BPC,1,10446.404969590329,1,6015.767935492222,19
170543.58,5,4,44802.55386431771,Low,WUC,0,0,0,0,11
55632.119999999995,2,7,35163.63659215579,Low,BPC,0,0,0,0,18
60659.73,12,5,82895.18799618492,High,Absa,1,12260.580638327294,0,0,14
120430.35,3,5,70536.59521079384,Medium,WUC,1,8825.714218942503,0,0,9
156542.1,6,3,46674.0703044486,Medium,Absa,0,0,0,0,7
88611.95999999999,1,11,85307.54432213382,High,WUC,1,16917.8064455251,0,0,19
186918.69,11,1,13303.66650886106,Low,BPC,0,0,0,0,3
164701.62,8,6,41230.26583068492,High,BPC,1,5519.113793519429,1,3427.4828340211648,14
197438.49,6,2,59217.21452279156,High,WUC,0,0,0,0,17
119760.18,8,5,63903.132252086885,Low,WUC,1,9748.723169909988,1,5017.4324340711555,5
119242.2,9,6,83696.52919741627,High,BPC,1,14722.353985780714,1,8047.4505937830645,12
93452.67,4,5,22898.90303555131,High,BPC,1,3112.2375429257568,1,2003.772093783991,4
113277.42,4,11,70496.99579906277,High,WUC,1,10647.402451696904,1,7060.063806017634,9
90550.38,10,7,92476.57166002714,High,WUC,1,11373.615589907045,1,6871.418086639409,6
202642.32,8,1,30368.200418589637,Medium,WUC,1,4280.767390663931,0,0,11
129711.27,4,5,54968.92628911836,Low,BPC,1,5978.737856606895,0,0,14
61036.2,1,8,76379.70398181188,High,BPC,1,11961.42192102543,0,0,18
177320.04,11,2,16801.26041977544,Low,Absa,0,0,0,0,7
106444.89,12,5,60584.48067466426,Low,Absa,0,0,0,0,6
141971.91,3,3,37754.12715809047,Medium,Absa,0,0,0,0,7
161748.6,6,4,32032.284598437138,High,Absa,0,0,0,0,5
97828.8,9,8,73834.06109341513,Low,WUC,1,7674.760456709421,0,0,3
61866.57,1,8,85100.17599394411,High,WUC,1,14752.034088329925,1,9751.979213434046,6
121607.82,4,6,66623.31168030301,High,Letshego,1,11440.686557463367,0,0,19
151140.69,11,1,49990.043755567924,Low,Letshego,0,0,0,0,2
209763.21,5,3,7588.628976720269,Low,BPC,1,692.5957459571952,0,0,11
208761.96,10,1,17041.43423990527,Medium,Absa,1,2556.140174688841,0,0,16
67575.03,2,8,91484.90211628558,High,WUC,1,13783.780677535313,1,9308.784617722453,17
133241.01,5,9,28563.423420816252,Low,WUC,0,0,0,0,12
116788.47,6,6,65211.85803948995,High,WUC,1,10699.904660321165,0,0,6
115931.4,4,5,71597.85886461916,Low,WUC,1,9398.723607357048,0,0,12
104423.7,4,5,66435.43029021425,High,Letshego,1,12848.47833267939,0,0,4
162749.85,1,4,52263.968567688484,Medium,BPC,0,0,0,0,10
98995.59,3,6,63048.76883076073,High,BPC,0,0,0,0,3
115894.02,4,10,8884.86538073374,High,BPC,1,1163.0537433943032,0,0,7
212024.7,11,2,12698.499617001333,Medium,BPC,1,1419.339083486681,1,832.1801667547778,14
180278.4,12,2,71225.00884326734,High,BPC,0,0,0,0,5
103446.48,8,2,22985.509964971337,High,BPC,1,3360.1052148262615,0,0,9
184302.09,11,3,5500.425194618758,Medium,BPC,1,945.419873015909,1,490.0496022980782,16
88790.84999999999,1,3,78876.16868947656,High,Absa,1,12287.287591030741,1,6556.64353570422,5
133670.88,5,1,48524.433678686735,Low,Letshego,0,0,0,0,2
80148.06,1,11,93893.59861466469,High,WUC,1,15311.671728393982,1,8758.888198532126,16
72570.59999999999,2,11,91451.3011743782,High,WUC,1,16249.089121696761,1,9748.861627125005,14
197198.19,12,1,71378.66045481991,Medium,Letshego,0,0,0,0,11
68413.41,5,5,97889.46536547178,High,WUC,0,0,0,0,5
191983.68,10,1,18879.665666217858,Medium,BPC,1,2947.40376356704,1,1509.4662877715873,5
97708.65,4,5,83940.03135799197,High,Letshego,0,0,0,0,13
57770.79,1,7,80431.26092388632,High,WUC,1,12494.216918705351,1,6435.01664486228,2
179538.81,3,6,13735.576876294566,Medium,Absa,1,2049.488543196205,0,0,5
110858.4,3,6,63486.610016231425,High,Letshego,0,0,0,0,17
57421.02,2,7,41952.802405585535,High,Absa,0,0,0,0,7
172925.22,1,1,16933.270901985758,Medium,WUC,1,3040.5816282000533,1,1821.3915047518394,1
58147.26,2,8,52964.36482990766,High,Letshego,0,0,0,0,19
122905.44,3,5,59499.39387525269,Medium,Letshego,1,10217.242642454677,0,0,3
94512.66,3,1,28499.499872157816,High,Absa,0,0,0,0,15
133182.27,3,4,25760.187207375304,High,WUC,1,5131.726203409471,1,3274.549325799433,17
158066.66999999998,6,8,43621.479615594144,Medium,WUC,1,7275.6967316005685,1,4290.1045821645075,1
66800.73,1,10,94767.60629171779,Low,Letshego,1,13330.97975185965,0,0,17
82310.76,5,11,61138.83113266993,Low,Absa,0,0,0,0,11
70135.56,1,11,84344.99418086506,Low,WUC,1,12318.888549145884,0,0,7
183546.48,10,2,4598.369124790188,Low,Letshego,1,480.5225363099003,0,0,7
153925.5,6,4,50136.36040096526,High,BPC,1,8093.912513841131,1,5055.222041372991,13
154416.78,6,9,29416.617227393785,Medium,Letshego,0,0,0,0,3
116019.51,3,7,68374.5394985606,Medium,Absa,0,0,0,0,7
122646.45,4,6,71890.47170134255,High,WUC,1,10091.002376196302,0,0,12
109251.06,8,5,58766.47315276769,High,Absa,0,0,0,0,15
180526.71,12,1,5516.66894544696,Medium,Absa,0,0,0,0,11
195486.72,8,9,19433.226623064023,Medium,Letshego,0,0,0,0,14
157711.56,4,10,43085.00043861539,Low,WUC,0,0,0,0,8
148377.24,5,3,75300.11702636583,Low,WUC,1,7274.593349920822,1,3743.0754603979844,18
105916.23,10,9,63287.98749218456,Medium,WUC,0,0,0,0,20
65524.47,1,9,81023.35799682984,Low,WUC,0,0,0,0,16
148139.61,6,9,15182.767743089702,High,WUC,1,1887.2156721425383,1,977.6968384041372,1
81969,2,1,76006.81399459334,Medium,WUC,0,0,0,0,11
172164.27,3,10,70131.58860443952,Low,Absa,0,0,0,0,16
100480.11,3,5,53864.30170756258,Medium,Absa,0,0,0,0,5
155797.16999999998,6,5,35359.58915499516,Medium,WUC,1,4641.967705971212,1,2856.1819800775943,8
73395.63,10,8,97334.64957840875,Medium,Letshego,1,15310.75749926959,0,0,11
94293.72,3,6,64916.71307662112,Low,Absa,0,0,0,0,15
184854.78,10,4,23469.496881226543,Medium,WUC,1,2678.9887625211386,1,1451.8746569842003,7
182166.09,7,2,9494.639411265845,High,Letshego,1,1169.0315318313792,0,0,7
60742.5,1,1,70738.45029545575,Low,BPC,0,0,0,0,9
193660.44,10,1,9725.876851234178,Medium,Letshego,1,1738.7319574528178,0,0,6
73908.27,2,8,66668.51863288786,Low,Letshego,0,0,0,0,13
150935.1,9,4,36741.935539453,Medium,WUC,0,0,0,0,2
128624.58,3,11,60956.69028723013,Low,WUC,0,0,0,0,13
142676.79,5,3,45425.84854670009,High,BPC,1,6029.2656967655375,1,3428.0072679979316,9
170410.08,9,8,38542.60948242579,High,WUC,1,6212.735584444048,1,4286.871925982529,2
128672.64,3,5,69631.3545888671,High,Letshego,0,0,0,0,20
211776.39,2,2,24125.72345956508,Low,WUC,0,0,0,0,13
211143.6,11,1,28998.75336622726,Medium,WUC,0,0,0,0,17
116403.99,3,10,56123.62060051877,Low,WUC,1,7900.717136154448,0,0,9
150937.77,5,1,40509.12507201359,Medium,BPC,0,0,0,0,19
108746.43,4,6,58987.089763858414,Low,WUC,1,7648.182027573644,0,0,8
123426.09,1,5,38346.60545253893,Low,Letshego,0,0,0,0,17
90107.16,1,9,81552.34266850626,High,WUC,1,13166.7834869619,1,7340.977602660755,1
54371.88,2,9,93925.94791923038,Medium,BPC,0,0,0,0,18
57226.11,2,9,89049.3207041134,High,Letshego,1,10712.475963281024,0,0,2
62814.42,2,6,98896.74567323318,High,WUC,1,13414.010471643625,1,8047.243400602545,17
175886.25,10,2,8075.07982503064,Medium,WUC,1,949.0164842175246,1,487.10102922948545,12
128541.81,9,3,59055.455813149456,Medium,BPC,1,7033.9588031855465,0,0,14
189703.5,7,1,16976.66127648874,Low,WUC,1,2418.339482910905,0,0,15
146591.01,6,1,41274.0628465208,Medium,Letshego,0,0,0,0,6
83338.70999999999,1,7,96910.20368063432,Low,WUC,1,9118.793299206254,0,0,14
150972.48,5,4,73032.90319322236,High,BPC,1,13835.319735608617,1,8904.022231655412,7
196514.67,12,1,14980.599624353752,Medium,BPC,1,1767.0822698165528,1,1021.7273387997526,12
180649.53,10,1,20375.78186983848,Low,BPC,1,2027.804439307727,0,0,2
134156.82,3,3,36185.33580844535,Low,BPC,0,0,0,0,8
121169.94,3,6,1842.2002820083871,Medium,Absa,0,0,0,0,10
158232.21,6,3,33171.56022048986,High,WUC,0,0,0,0,11
195614.88,7,1,18768.351996323385,High,BPC,1,2832.6610957780504,0,0,16
196301.07,8,1,24754.80497320369,Low,BPC,1,3698.9400692101476,0,0,11
81977.01,1,10,70270.33972224593,Low,Absa,1,6167.591163315459,0,0,17
94651.5,4,10,66978.76291375828,High,Letshego,0,0,0,0,12
71572.02,2,11,78335.59069482557,Medium,Letshego,0,0,0,0,11
181106.1,7,6,75314.34259421192,High,WUC,1,12038.781391763616,1,6742.886929114994,13
70947.24,1,10,48094.76987054711,High,BPC,1,5866.272241408313,0,0,7
186216.48,9,1,19552.86239095236,High,Letshego,0,0,0,0,12
176922.21,10,1,23272.647754484846,High,BPC,1,3156.1621647404945,1,1716.8337224667548,20
204578.07,6,1,11503.068821037188,Medium,Letshego,0,0,0,0,18
128205.39,4,6,35166.68557897536,Medium,WUC,0,0,0,0,16
203963.97,10,2,67432.97200991632,Medium,WUC,1,7910.020785873589,0,0,17
179186.37,9,2,9392.056682321068,High,Absa,1,1351.4717131313175,0,0,19
193510.92,9,2,19254.26349970943,Low,Letshego,0,0,0,0,12
116593.56,4,10,59869.28315638134,Medium,WUC,1,9608.003768973784,1,5058.558418486794,8
69371.94,8,11,85660.1644853683,Low,WUC,0,0,0,0,15
97770.06,3,5,56620.7833950349,Medium,BPC,0,0,0,0,10
169099.11,5,3,4699.547761078924,High,BPC,1,754.2060367282228,1,451.0946147654893,1
110479.26,3,6,69545.82618557615,High,WUC,1,13599.696993479633,1,8139.857095324212,14
114711.21,4,5,73647.20366943447,High,BPC,1,10606.880098640933,0,0,9
58521.06,5,10,36661.55826611398,Low,Absa,0,0,0,0,19
136936.29,5,2,11656.954106689896,Medium,Absa,0,0,0,0,4
72797.55,2,11,80619.10311707278,High,Absa,1,14581.130785422847,0,0,8
195206.37,2,1,22892.361421224254,Low,Absa,1,3610.769540705294,0,0,18
65358.93,1,10,92030.60132089414,High,BPC,1,15970.935892680525,0,0,16
179034.18,5,7,23416.213389174372,High,BPC,0,0,0,0,11
190232.16,7,4,83126.14256220916,Low,Absa,0,0,0,0,1
59356.77,1,10,77489.51490535075,Medium,BPC,0,0,0,0,6
97479.03,4,5,68904.96228764666,Medium,WUC,0,0,0,0,7
156259.08,5,8,32450.07800440461,Medium,Letshego,0,0,0,0,14
179170.35,6,1,55027.165008347016,Medium,Letshego,0,0,0,0,3
117490.68,3,5,66740.69365734793,High,WUC,1,12256.975244354147,0,0,19
203235.06,7,5,79283.34398408234,High,WUC,0,0,0,0,17
115960.77,4,5,70193.25698278338,Medium,BPC,0,0,0,0,6
121319.46,3,5,33106.925665603485,Medium,BPC,1,5106.815470300973,0,0,9
99283.95,3,2,67523.16974305932,Low,BPC,0,0,0,0,7
151402.35,6,4,29097.927200511796,Low,Absa,0,0,0,0,8
142922.43,5,3,44756.24499482667,High,BPC,1,6171.917915607401,0,0,7
59802.66,2,7,96182.7534616096,High,WUC,0,0,0,0,18
172794.38999999998,10,2,84134.6424289518,Low,Letshego,0,0,0,0,6
86478.63,1,6,79689.6387489548,Medium,WUC,1,10398.630181774995,1,5429.627002832603,17
158571.3,6,10,71179.23192409193,Medium,Absa,0,0,0,0,17
137091.15,12,4,33342.30725545029,Medium,WUC,0,0,0,0,5
154876.02,5,9,32537.16201807838,Medium,WUC,0,0,0,0,5
152334.18,1,3,17535.279393616132,Medium,WUC,1,2275.3470410719406,1,1264.3215169031437,14
99040.98,3,7,62342.92162128084,Medium,BPC,1,8279.651258412589,1,4907.795231932576,10
89252.76,1,5,92295.37776693638,Medium,Letshego,1,13849.54592436398,0,0,3
139750.47,5,9,31069.711548503255,Low,Absa,0,0,0,0,4
213017.94,11,1,13458.877219695074,High,WUC,1,1950.9610324434825,1,1131.9933385514544,7
106092.45,4,5,12361.467127704527,Low,Absa,1,1729.887320973364,0,0,13
105198,5,5,42112.31409351295,Low,Absa,0,0,0,0,19
59057.73,1,9,88002.51145410229,High,Absa,1,15776.070614271299,1,8003.718016438006,9
137603.79,6,3,38315.76698968327,High,BPC,0,0,0,0,19
149007.36,6,4,99249.02050498687,Medium,Absa,1,11794.44732201735,1,6484.560127905764,3
172281.75,7,8,8449.292543110903,High,WUC,1,1633.880622931189,1,1040.3794114147381,17
206043.9,11,2,52392.361686806194,High,BPC,1,10396.409020873225,0,0,6
131836.59,6,11,40820.4496208317,High,Absa,1,7222.483689489509,1,4051.40865447117,6
66741.99,1,7,76440.51291193994,Low,WUC,0,0,0,0,4
95041.32,4,5,71962.08918272023,High,WUC,0,0,0,0,2
193550.97,12,2,12378.46137480042,High,WUC,1,1750.4716423803575,1,931.9498355370206,3
189901.08,7,6,18394.909901431063,Medium,WUC,1,2725.753122630068,0,0,3
188432.58,10,9,40254.44577956386,Low,Absa,0,0,0,0,5
205093.38,12,2,5584.4436186837265,High,BPC,0,0,0,0,17
157959.87,6,4,36377.95538867399,Medium,WUC,1,4634.958756299383,1,2924.605565982363,1
131601.63,3,3,46131.289929369,High,BPC,1,5770.056994593241,0,0,8
83477.55,2,8,85316.66915067472,Low,WUC,0,0,0,0,18
167627.94,5,7,40727.25419208023,Medium,WUC,0,0,0,0,1
67027.68,1,7,50023.03626554832,Low,WUC,0,0,0,0,7
127284.24,4,5,39210.1422024034,High,BPC,1,7390.551580836198,0,0,9
203331.18,7,4,1546.3045715772314,Medium,BPC,0,0,0,0,12
188817.06,9,1,21205.86195379682,High,BPC,1,3180.017167840445,0,0,18
168132.57,6,3,78399.35559773678,Medium,BPC,1,10905.494079363072,0,0,11
73232.76,4,4,90375.46609256906,High,Letshego,0,0,0,0,15
148692.3,5,4,21721.704354458954,High,Absa,1,2930.597766662212,0,0,13
211973.97,7,6,68477.97038939083,Low,Letshego,1,9296.59181818693,0,0,5
151989.75,2,11,41076.38241681276,Low,Letshego,1,4079.0938914489607,0,0,11
97147.95,4,5,56622.50241838163,Medium,Absa,0,0,0,0,2
63604.74,1,4,92335.19150011154,Medium,BPC,0,0,0,0,16
64982.46,1,11,94261.2500928868,Medium,Letshego,0,0,0,0,5
193337.37,11,2,63005.98859458882,Low,WUC,1,5692.749381765141,1,2897.4898737294848,17
111523.23,3,1,99087.33625156526,Low,Absa,0,0,0,0,11
204887.79,1,1,10334.021948489826,Low,BPC,1,1062.8209882027372,0,0,6
142842.33,6,3,30347.08390917536,Low,WUC,0,0,0,0,16
135529.19999999998,5,4,43900.94897477992,Medium,BPC,1,7303.025622954805,0,0,2
205232.22,10,1,9703.593606341688,Medium,WUC,0,0,0,0,1
70989.95999999999,2,7,92295.47408552421,High,BPC,1,18373.297468696568,0,0,12
184587.78,5,3,5711.0734738769825,Medium,Letshego,0,0,0,0,17
113851.47,4,6,60072.786591097014,High,Absa,0,0,0,0,10
142572.66,6,3,93071.97344159894,Medium,WUC,0,0,0,0,11
103681.44,4,8,70041.03829950473,Medium,BPC,1,12185.941285222218,0,0,5
66592.47,2,9,91815.0209998936,Low,Letshego,1,7531.498785200479,0,0,15
178345.32,9,8,39679.097660919186,Medium,Absa,0,0,0,0,11
84355.98,2,11,78463.31490735116,High,Letshego,1,13192.269509191043,0,0,2
158424.44999999998,6,4,33557.34863430081,Medium,BPC,1,4202.035359570727,0,0,17
123111.03,4,6,53046.27343681047,Medium,WUC,0,0,0,0,6
84983.43,4,9,25039.150467555504,Low,BPC,1,2836.138235125268,0,0,11
212745.6,7,2,86342.25823485106,High,Letshego,0,0,0,0,7
124969.35,9,10,87239.39300993318,Low,WUC,1,13233.003770639816,0,0,3
58435.619999999995,1,8,98205.86580100394,Low,Absa,0,0,0,0,17
203510.07,4,11,6974.292231044674,Low,Letshego,1,754.7606896992788,0,0,13
192931.53,11,2,8361.701478317322,High,BPC,1,1051.800593996134,0,0,17
