Client,Salary,Amount_Owed,Av_Length_of_Calls,PTP_This_Month,PTPs_Honoured,PTPs_Unhonoured,Installment_Due,Paid_This_Month,Willingness_to_Pay,AA_Paid
Absa,78821.06999999999,60523,3,0,3,10,0,0,Medium,0
BPC,137659.86,30603,10,0,3,10,0,0,High,0
BPC,193278.63,81125,16,1,4,5,8146.6,1,Medium,4360.40280316961
BPC,192725.94,95262,18,1,2,10,4530.9,1,High,3653.0189725447
Letshego,57194.07,85353,18,1,2,7,2696,0,Medium,0
Letshego,209736.50999999998,13604,16,0,3,5,0,0,Medium,0
Letshego,131932.71,96919,4,1,5,3,3526,1,Medium,2344.8901383087
WUC,115744.5,56153,15,1,9,3,6966,1,High,2044.96024674363
WUC,120291.51,1531,15,0,2,7,0,0,High,0
BPC,68287.92,14441,14,0,3,8,0,0,Medium,0
WUC,79323.03,1579,18,1,2,8,7094,0,Medium,0
WUC,118347.75,81871,8,1,9,3,5629,1,High,4999.8474883723
WUC,108159.03,78434,19,1,7,5,1740,0,Medium,0
WUC,119923.05,93176,10,0,4,3,0,0,High,0
Absa,102108.81,37500,5,0,7,1,0,0,Low,0
BPC,143157.38999999998,97471,12,1,4,5,4899,1,High,4701.96003156767
Letshego,78369.84,82551,4,0,5,9,0,0,Medium,0
Letshego,206644.65,78957,11,0,4,7,0,0,Medium,0
WUC,60443.46,62660,9,0,2,7,0,0,Medium,0
WUC,113018.43,96768,17,1,6,3,5131,1,High,4152.47013465216
Letshego,207611.19,50492,12,0,2,5,0,0,Medium,0
Absa,156798.41999999998,89476,10,0,2,8,0,0,Medium,0
WUC,63214.92,40703,5,1,4,3,5824,0,Medium,0
Letshego,119073.98999999999,45307,10,1,5,2,7973,0,Medium,0
WUC,121629.18,93642,5,1,8,3,3940,0,High,0
Absa,134805.63,68650,7,0,6,3,0,0,Low,0
Letshego,125425.92,2798,17,1,8,6,3635,0,Medium,0
Absa,153247.32,17387,9,0,1,7,0,0,Low,0
Letshego,75825.33,50088,9,0,4,9,0,0,Medium,0
Letshego,198853.59,43227,10,1,6,2,8258.8,0,Medium,0
Absa,144625.88999999998,99213,17,1,1,6,7999,0,Medium,0
Absa,141234.99,89006,1,1,8,4,1902,0,Medium,0
WUC,72116.7,35230,7,1,5,4,6008,0,Medium,0
Letshego,175477.74,70879,3,0,8,2,0,0,Medium,0
Letshego,130034.34,90964,17,1,6,6,1997,0,Medium,0
Absa,178671.06,67953,10,1,5,2,2819.3,0,Medium,0
WUC,60774.54,64271,11,0,4,5,0,0,High,0
BPC,184739.97,15811,9,0,3,10,0,0,High,0
Absa,96560.55,60511,10,1,5,6,1172,1,Medium,593.192178206984
Absa,98712.56999999999,28002,3,0,8,2,0,0,Medium,0
Absa,156443.31,46327,2,0,3,10,0,0,Low,0
Letshego,205288.29,23003,1,0,8,6,0,0,Medium,0
Absa,54521.4,26237,2,1,5,3,2251,0,Low,0
BPC,109728.98999999999,65715,8,0,6,5,0,0,Medium,0
Absa,120531.81,47727,15,1,7,6,5912,0,Medium,0
BPC,126752.91,16935,15,1,1,6,1571,0,High,0
Letshego,167414.34,27936,3,0,4,3,0,0,Medium,0
Absa,200759.97,71583,19,1,4,4,6466.9,0,Medium,0
Letshego,153864.09,61722,4,0,5,8,0,0,Medium,0
Absa,197929.77,14080,10,0,2,7,0,0,Medium,0
Letshego,174724.8,7931,12,1,2,8,3267,1,Medium,1429.56173322683
Letshego,75486.24,96660,19,1,7,4,869,1,Medium,752.757002912695
Absa,77950.65,37459,17,1,7,6,6634,1,Medium,3870.54928511055
BPC,84048.93,68068,11,1,9,2,1185,0,High,0
BPC,122795.97,84749,8,0,1,8,0,0,High,0
Letshego,67372.11,24923,11,1,13,1,4260,0,Medium,0
Letshego,89250.09,4480,16,0,3,9,0,0,Medium,0
BPC,145058.43,59929,13,1,3,4,6783,1,High,5208.13420076401
Absa,117506.7,83783,3,1,2,6,2552,1,Low,155.663677234203
BPC,143987.76,36863,5,1,7,4,4086,0,Medium,0
Letshego,186304.59,33887,17,1,6,5,1991,0,Medium,0
Letshego,156267.09,64829,10,0,4,10,0,0,Medium,0
Absa,116118.3,95903,16,1,9,1,4231,1,Medium,2320.13115378504
WUC,167075.25,60024,17,0,5,8,0,0,Medium,0
Absa,70832.43,51518,7,1,7,4,4528,1,Medium,3088.00068063401
WUC,97233.39,16371,5,0,3,5,0,0,Medium,0
BPC,148537.44,84739,13,0,4,3,0,0,High,0
Absa,79061.37,22224,8,0,3,4,0,0,Medium,0
Absa,190120.02,67317,18,0,3,6,0,0,Medium,0
Letshego,189206.88,62158,3,1,4,3,5885,1,Medium,3248.85207767482
BPC,129956.91,5950,4,0,6,6,0,0,High,0
Letshego,177346.74,94990,13,1,5,6,7690.1,0,Medium,0
Letshego,100723.08,58673,5,1,8,5,6219,1,Medium,3570.32865492487
WUC,63914.46,86234,14,1,5,2,2067,0,Medium,0
WUC,123973.44,52328,11,1,8,5,4039,0,High,0
Letshego,127428.42,27347,15,1,6,2,7774,0,Medium,0
Letshego,108017.52,60140,7,0,2,8,0,0,Medium,0
WUC,83058.36,79762,3,1,7,6,4231,0,Medium,0
Absa,134621.4,69239,9,0,2,12,0,0,Medium,0
WUC,56473.17,48583,11,0,4,6,0,0,Medium,0
Absa,177344.07,47127,15,1,5,7,2963.4,1,Low,751.51701139357
Letshego,143058.6,62223,4,1,7,5,4980,0,Medium,0
Letshego,156162.96,45478,12,1,7,2,6241,1,Medium,3330.1794777917
BPC,128443.01999999999,60668,10,1,6,8,7046,0,High,0
BPC,98130.51,1456,19,1,10,2,3238,0,High,0
Letshego,127286.91,99504,18,0,5,7,0,0,Medium,0
BPC,180395.88,41240,4,0,5,8,0,0,Medium,0
Absa,147207.78,12677,7,1,3,10,1682,1,Low,88.9598598517478
Absa,116641.62,87084,14,0,8,6,0,0,Medium,0
WUC,183359.58,54479,16,0,5,2,0,0,Medium,0
Letshego,104434.37999999999,88278,11,1,10,2,4428,1,Medium,108.809201354161
Letshego,146548.29,4716,5,0,3,5,0,0,Medium,0
Absa,126368.43,88262,4,1,5,2,4755,1,Low,273.69036602648
Absa,96461.76,72513,7,1,7,1,7911,1,Low,6940.93914608401
BPC,142340.37,77211,2,1,8,2,7310,0,High,0
Absa,90443.58,86496,14,0,9,2,0,0,Medium,0
Letshego,140425.98,50573,15,0,10,1,0,0,Medium,0
Absa,125100.18,92661,6,1,7,5,854,1,Medium,598.927499709185
WUC,74271.39,21599,10,1,3,10,1558,0,Medium,0
Letshego,153001.68,3683,2,0,4,5,0,0,Medium,0
Letshego,141189.6,32264,3,0,6,1,0,0,Medium,0
WUC,77309.84999999999,66351,18,0,2,8,0,0,High,0
BPC,143039.91,32154,13,1,10,2,7228,1,High,7017.92973051313
WUC,121786.70999999999,94502,13,1,4,3,904,0,High,0
BPC,125126.87999999999,78118,10,1,11,3,5291,1,High,1587.4397391458
Absa,186894.66,34604,6,0,8,4,0,0,Medium,0
Absa,168677.25,48683,19,1,5,2,2934.8,0,Medium,0
WUC,126592.70999999999,42183,1,0,2,11,0,0,High,0
Absa,136906.91999999998,77857,4,0,8,1,0,0,Low,0
Letshego,92240.48999999999,49057,19,0,4,10,0,0,Medium,0
Absa,65553.84,2515,16,0,6,8,0,0,Medium,0
Letshego,116086.26,64603,20,0,5,7,0,0,Medium,0
BPC,55498.619999999995,24248,6,0,4,6,0,0,High,0
BPC,192373.5,74956,12,1,8,5,4119.5,1,High,1718.28227031359
Absa,212417.19,30265,2,1,1,6,6683.6,0,Low,0
Letshego,166957.77,90716,16,1,9,3,4939,1,Medium,377.767446674872
WUC,185840.01,85479,18,1,8,4,6942.1,1,Medium,2474.09654704714
Absa,196282.38,46734,18,0,3,11,0,0,Medium,0
Letshego,139814.55,8063,1,1,6,3,1038,1,Medium,620.824071282847
Absa,142361.73,58203,6,0,4,8,0,0,Low,0
BPC,97684.62,58378,13,1,9,2,3890,0,High,0
WUC,159003.84,99364,8,0,3,11,0,0,High,0
Letshego,92398.02,34192,14,0,2,11,0,0,Medium,0
Letshego,99580.31999999999,67013,2,1,5,4,3098,0,Medium,0
BPC,168068.49,93917,13,1,9,4,8679,1,High,2154.347256365
BPC,169950.84,57911,5,1,11,1,2256.1,1,High,1828.49475340438
BPC,81122.61,69479,6,0,3,5,0,0,High,0
Absa,102471.93,9886,15,1,7,6,4155,1,Medium,1754.03908087208
BPC,112657.98,86779,4,0,3,8,0,0,High,0
Absa,65850.20999999999,50613,8,0,1,10,0,0,Medium,0
Absa,167646.63,23102,14,1,12,2,7744,0,Medium,0
Letshego,141656.85,41830,9,1,3,6,4454,0,Medium,0
Letshego,75165.84,88744,11,0,2,6,0,0,Medium,0
WUC,209461.5,50064,10,0,6,2,0,0,High,0
Absa,143427.06,67603,3,0,7,1,0,0,Medium,0
BPC,179704.35,28968,2,0,5,5,0,0,Medium,0
WUC,189396.44999999998,81889,4,1,6,2,3104.2,0,High,0
WUC,194063.61,25364,16,1,7,1,6861.8,0,Medium,0
WUC,181637.43,37595,4,0,10,2,0,0,High,0
BPC,155952.03,24317,2,1,2,11,2143,1,Medium,1338.57954118247
Absa,154155.12,93640,2,0,2,8,0,0,Medium,0
BPC,96880.95,42093,9,0,6,4,0,0,High,0
Letshego,58195.32,14607,17,0,2,10,0,0,Medium,0
WUC,120662.64,91522,7,0,1,6,0,0,High,0
Absa,110340.42,35416,9,1,3,9,4080,0,Medium,0
BPC,116251.8,85440,9,1,2,10,5399,1,Medium,3627.05444911944
WUC,80943.72,15121,8,0,8,4,0,0,High,0
Letshego,104607.93,36584,19,0,8,1,0,0,Medium,0
WUC,119650.70999999999,25305,19,0,10,4,0,0,Medium,0
WUC,175045.19999999998,5545,6,1,5,7,7786.9,0,High,0
Letshego,96955.70999999999,78670,15,1,7,2,1553,0,Medium,0
WUC,71916.45,20718,5,1,5,7,7694,0,High,0
WUC,58099.2,39793,19,1,9,4,3714,0,High,0
WUC,182657.37,33033,2,0,5,9,0,0,High,0
Absa,130317.36,60608,20,0,6,1,0,0,Medium,0
Letshego,182561.25,54586,5,1,9,4,2503.6,0,Medium,0
WUC,66055.8,99092,7,0,6,3,0,0,High,0
WUC,71876.4,26125,3,0,5,8,0,0,High,0
BPC,74132.55,73792,12,0,3,8,0,0,Medium,0
BPC,171747.75,97783,14,1,8,5,7763.8,1,High,2815.94157000096
BPC,174687.41999999998,56247,20,1,8,5,6795.8,0,Medium,0
BPC,212390.49,39878,5,1,7,1,1068.1,1,High,867.254062892043
WUC,153452.91,82644,17,0,4,8,0,0,High,0
WUC,99647.06999999999,12126,13,0,4,8,0,0,High,0
BPC,85426.65,54042,20,0,4,9,0,0,High,0
BPC,181706.85,44939,9,0,12,2,0,0,High,0
WUC,169988.22,28122,15,0,7,6,0,0,High,0
BPC,88171.41,16578,2,1,3,6,981,0,Medium,0
Absa,172626.18,87312,13,1,4,4,1365.1,0,Low,0
Absa,192237.33,56642,5,1,9,2,2435.4,1,Medium,1566.93689860095
Letshego,138209.88,55518,18,0,8,4,0,0,Medium,0
WUC,149301.06,59644,16,1,4,10,5035,0,Medium,0
WUC,203608.86,73053,17,1,9,5,8754.9,0,Medium,0
Letshego,205704.81,64254,17,1,4,10,5571.5,1,Medium,925.92309024767
Letshego,159217.44,61831,9,0,5,6,0,0,Medium,0
Letshego,64979.79,6189,20,0,6,7,0,0,Medium,0
Letshego,185778.6,56951,10,0,4,5,0,0,Medium,0
Absa,130223.91,59147,10,1,5,5,1796,0,Medium,0
WUC,116075.58,63228,8,1,6,4,5379,1,High,4924.11281398981
Letshego,101318.48999999999,62567,2,1,10,2,7905,1,Medium,4667.36537354439
BPC,92536.86,9145,18,1,8,2,5773,1,High,5088.53015768575
BPC,120975.03,8687,5,0,5,6,0,0,High,0
WUC,203630.22,69022,7,0,8,1,0,0,High,0
Letshego,95770.23,83200,14,1,4,3,7636,0,Medium,0
BPC,144484.38,15445,12,1,9,4,4805,0,High,0
BPC,85789.77,78569,19,1,9,3,778,1,Medium,422.042568127438
Letshego,84286.56,49159,3,0,7,1,0,0,Medium,0
WUC,168522.38999999998,98937,11,1,1,6,930.6,0,High,0
Absa,103625.37,50411,18,0,9,4,0,0,Medium,0
WUC,75569.01,56664,18,0,5,3,0,0,High,0
WUC,62696.939999999995,38447,18,0,4,10,0,0,Medium,0
BPC,202562.22,52345,16,1,2,9,1764.4,0,High,0
WUC,144447,8354,4,0,2,7,0,0,High,0
Letshego,72266.22,54309,3,1,8,6,2385,1,Medium,1173.77556820738
BPC,143880.96,96145,3,1,6,4,4362,1,Medium,2579.13978645648
Absa,139948.05,53253,9,1,11,2,6790,0,Medium,0
Letshego,184713.27,44279,16,0,4,9,0,0,Medium,0
Absa,166017.93,4194,18,0,8,2,0,0,Low,0
BPC,144353.55,4736,9,1,6,1,2546,0,High,0
Letshego,168954.93,5687,16,1,5,9,5582.5,0,Medium,0
Letshego,173942.49,16935,10,1,5,7,6059.9,1,Medium,3707.25721974503
Absa,114502.95,47441,14,0,9,3,0,0,Medium,0
Absa,99540.27,80786,15,1,4,6,2291,1,Medium,1070.94370493747
Absa,138575.66999999998,28779,14,1,6,1,2392,1,Medium,1391.04021454435
BPC,94995.93,75724,17,1,8,6,5629,0,High,0
Letshego,186651.69,52661,7,1,8,6,6343.7,0,Medium,0
WUC,118339.73999999999,29606,4,0,9,3,0,0,High,0
Absa,65035.86,2720,3,1,4,5,1435,0,Low,0
WUC,206193.41999999998,67167,1,0,11,3,0,0,High,0
Letshego,88192.77,7631,18,0,3,7,0,0,Medium,0
Letshego,118382.45999999999,83802,16,1,11,3,6314,0,Medium,0
BPC,153631.8,14399,2,1,3,6,3440,1,High,2558.20301929489
Letshego,154069.68,65932,3,1,5,6,5622,0,Medium,0
WUC,105982.98,83957,4,0,7,3,0,0,High,0
Absa,75654.45,26507,11,0,3,7,0,0,Medium,0
WUC,199926.93,14464,15,1,8,2,3103.1,0,High,0
BPC,149378.49,76585,3,1,7,5,5779,1,High,4466.00236748299
Absa,173485.91999999998,21988,3,0,2,5,0,0,Medium,0
WUC,200615.79,27529,11,0,2,6,0,0,High,0
Absa,138108.41999999998,53651,7,0,1,8,0,0,Low,0
BPC,112991.73,47938,9,0,9,1,0,0,High,0
Absa,63941.159999999996,37971,3,0,4,5,0,0,Low,0
Letshego,190269.54,77760,19,1,4,3,6486.7,1,Medium,1769.59976048223
Letshego,135168.75,56262,15,0,10,3,0,0,Medium,0
BPC,87042,16368,10,1,11,3,4218,0,High,0
WUC,113611.17,98952,14,0,8,4,0,0,High,0
WUC,86620.14,25200,6,0,5,6,0,0,Medium,0
BPC,126969.18,13907,14,1,6,5,6391,0,High,0
Letshego,92088.3,22055,8,1,3,5,7060,0,Medium,0
Letshego,72413.06999999999,38620,14,0,5,4,0,0,Medium,0
BPC,65009.159999999996,36602,9,0,8,3,0,0,Medium,0
WUC,164095.53,30964,15,1,10,2,3515.6,1,High,3355.46502681011
WUC,99369.39,5396,6,1,7,5,7458,0,High,0
Letshego,77336.55,93544,15,0,2,5,0,0,Medium,0
Letshego,209183.82,57303,12,1,7,7,1263.9,1,Medium,546.089733587299
Letshego,119164.77,22859,1,0,5,5,0,0,Medium,0
Letshego,117771.03,87918,8,1,2,12,6988,1,Medium,2893.46075970214
BPC,157297.71,47262,9,1,6,2,6628,0,High,0
Letshego,200191.25999999998,54693,9,1,8,2,6644,1,Medium,3259.5373168827
Absa,88110,78655,11,0,8,3,0,0,Medium,0
BPC,141189.6,65139,17,0,4,7,0,0,High,0
BPC,168752.01,15344,16,0,1,11,0,0,High,0
WUC,117039.45,32842,2,0,5,6,0,0,High,0
Letshego,68458.8,95155,3,1,8,6,2651,0,Medium,0
BPC,155110.97999999998,19632,7,1,1,12,6601,1,High,4797.21467189747
Absa,53797.83,75290,7,1,2,9,4767,1,Low,3356.51202330133
BPC,87124.77,46457,15,1,6,1,888,0,High,0
Letshego,162178.47,14995,4,1,6,8,3845.6,1,Medium,1684.97036544159
BPC,192162.57,21314,20,1,10,4,6475.7,0,High,0
Absa,181511.94,67854,17,1,4,4,4304.3,0,Low,0
BPC,75027,14665,12,0,6,1,0,0,Medium,0
WUC,115477.5,42139,18,1,12,2,1256,1,Medium,728.267520326935
Letshego,179712.36,45673,1,0,1,7,0,0,Medium,0
WUC,164405.25,62672,16,0,5,6,0,0,High,0
WUC,148601.52,25866,18,1,7,4,6801,0,High,0
BPC,73240.77,46951,3,0,2,5,0,0,Medium,0
Letshego,142324.35,17385,10,1,8,5,6689,1,Medium,2736.64996256426
Absa,125396.55,85923,14,1,3,10,4175,0,Medium,0
BPC,176139.9,16499,10,1,4,4,8079.5,0,High,0
WUC,57581.22,9745,18,0,8,3,0,0,High,0
WUC,84665.7,89448,9,0,4,6,0,0,Medium,0
Letshego,194573.58,30761,12,0,5,3,0,0,Medium,0
WUC,70989.95999999999,75457,13,1,3,11,3853,0,Medium,0
WUC,208561.71,40759,6,1,7,6,4654.1,0,Medium,0
BPC,115109.04,45407,18,1,4,8,4980,0,Medium,0
BPC,190945.05,16808,4,0,3,10,0,0,Medium,0
WUC,195558.81,15307,12,0,3,5,0,0,High,0
BPC,131751.15,15769,6,1,3,6,6459,1,High,5532.06088303198
Absa,168439.62,51929,2,1,5,2,4504.5,1,Medium,3047.93395402468
Letshego,131369.34,49790,15,0,4,3,0,0,Medium,0
Letshego,211792.41,62018,13,1,6,5,4555.1,0,Medium,0
Absa,63772.95,45295,7,0,6,5,0,0,Medium,0
WUC,78658.2,6512,18,0,2,7,0,0,High,0
Letshego,179213.07,1534,12,0,4,4,0,0,Medium,0
Absa,140257.77,22962,19,1,6,5,2822,1,Medium,1827.34556951318
Letshego,120131.31,85245,18,0,6,6,0,0,Medium,0
BPC,213421.11,27467,8,0,4,7,0,0,Medium,0
WUC,94357.8,60261,15,1,1,8,5090,0,High,0
Letshego,134762.91,61251,17,1,6,3,7095,1,Medium,6307.21103727934
Letshego,66050.45999999999,99224,18,0,2,5,0,0,Medium,0
WUC,183749.4,19928,3,1,7,3,2032.8,1,High,2029.55946222232
BPC,114625.77,75586,2,1,3,5,3890,0,High,0
Letshego,181909.77,24996,20,0,2,11,0,0,Medium,0
Letshego,85106.25,33418,8,0,1,6,0,0,Medium,0
WUC,205013.28,1350,15,1,8,5,2219.8,1,Medium,1049.12103332984
Absa,108775.8,99745,11,1,2,6,1801,1,Low,244.091612958582
Absa,137032.41,44368,8,1,6,8,5101,1,Medium,2058.01115037387
Absa,71291.67,99771,15,1,1,9,1677,0,Medium,0
Letshego,195331.86,20475,18,0,5,6,0,0,Medium,0
BPC,206270.85,12036,3,1,13,1,2830.3,1,Medium,1821.5995414029
Absa,59869.409999999996,25823,8,1,4,3,2287,1,Low,264.412234328501
Letshego,132477.38999999998,68367,16,1,3,4,3374,0,Medium,0
Letshego,89615.88,58148,5,1,3,4,7645,1,Medium,3514.55847455258
WUC,190979.76,42218,13,1,3,8,2247.3,0,Medium,0
BPC,138455.52,73189,8,0,10,3,0,0,High,0
BPC,54142.26,57845,12,0,1,11,0,0,Medium,0
Absa,97866.18,58186,12,1,7,5,1275,1,Medium,83.2029021461494
Letshego,105497.04,59410,14,0,10,2,0,0,Medium,0
BPC,147709.74,23070,16,1,2,7,2897,1,High,2292.54273833637
WUC,93399.27,11246,10,1,1,6,6828,1,Medium,4765.55933583593
Absa,60307.29,73914,8,0,3,5,0,0,Medium,0
WUC,71131.47,61628,17,0,2,6,0,0,Medium,0
Letshego,166140.75,95170,11,1,3,4,1971.2,1,Medium,1278.83204239488
WUC,203830.47,96028,15,0,6,2,0,0,High,0
WUC,103248.9,74739,17,0,3,4,0,0,Medium,0
Letshego,65975.7,44048,9,1,10,1,4146,0,Medium,0
Absa,104944.34999999999,18303,9,1,7,1,1935,0,Medium,0
Absa,153508.97999999998,44094,17,0,8,1,0,0,Low,0
WUC,123928.05,76483,15,0,2,9,0,0,Medium,0
BPC,181776.27,91984,13,1,9,4,3407.8,0,Medium,0
Absa,98141.19,90763,14,0,1,9,0,0,Medium,0
BPC,144828.81,81736,15,1,8,3,2670,1,High,2329.1255084431
WUC,60149.759999999995,20776,6,1,6,2,7079,1,High,1518.83710767119
Letshego,83952.81,5913,6,1,4,3,4549,1,Medium,2316.99909344024
Absa,169878.75,48416,5,0,5,5,0,0,Low,0
Absa,185834.66999999998,59449,19,1,2,10,2201.1,0,Medium,0
Letshego,135216.81,10565,6,0,3,5,0,0,Medium,0
WUC,144350.88,95138,10,0,7,5,0,0,Medium,0
WUC,53584.229999999996,17112,2,1,3,10,1017,1,Medium,473.666848921194
WUC,76434.09,92229,16,1,8,3,2037,1,Medium,896.560293694725
BPC,192127.86,13650,9,1,1,6,1491.6,1,High,1242.48118567695
BPC,66627.18,66611,10,1,6,8,4079,1,High,3897.33629861305
Absa,92579.58,78620,19,1,8,3,6946,1,Medium,2734.41709434148
WUC,210644.31,76697,8,1,1,6,4840,0,High,0
WUC,145928.85,67584,15,1,2,8,6386,1,High,5088.31968512712
BPC,93247.08,12451,16,1,1,8,4458,1,High,3515.03977037023
Letshego,151914.99,85279,5,1,6,1,6161,1,Medium,5322.96006999142
Letshego,58486.35,62178,2,0,5,7,0,0,Medium,0
WUC,76855.95,83805,7,0,3,4,0,0,High,0
Absa,166031.28,17823,14,1,4,4,1328.8,0,Medium,0
Letshego,63903.78,2018,16,1,7,3,5849,1,Medium,2670.52544434939
WUC,153012.36,33024,13,0,2,6,0,0,High,0
Absa,203560.8,27699,19,1,6,1,6307.4,1,Medium,3345.66418516116
Letshego,67481.58,82701,1,1,7,4,7777,1,Medium,5302.03609538057
BPC,209242.56,93433,8,1,9,2,4376.9,1,High,3841.68942550754
WUC,57567.869999999995,13651,13,0,2,5,0,0,Medium,0
BPC,169582.38,91420,3,1,11,3,2964.5,1,Medium,1227.89957055299
Letshego,126082.73999999999,60918,1,0,10,3,0,0,Medium,0
BPC,144102.57,40628,4,1,5,2,7202,1,High,6483.97829183715
Absa,193211.88,66914,15,0,9,2,0,0,Medium,0
Letshego,142241.58,76992,17,1,7,4,7881,1,Medium,4119.59689477023
Absa,171571.53,52668,7,1,5,3,7407.4,0,Medium,0
WUC,153225.96,40056,6,0,4,4,0,0,Medium,0
WUC,103227.54,96613,6,1,7,6,1144,1,Medium,741.21394657176
Absa,116230.44,5850,19,0,2,10,0,0,Low,0
WUC,85773.75,16178,10,0,11,2,0,0,High,0
BPC,190015.88999999998,69987,14,1,6,5,3378.1,0,High,0
Letshego,150614.69999999998,73051,18,1,4,3,1802,1,Medium,1010.08005909785
Absa,174527.22,11730,13,1,6,8,5016,1,Medium,3457.808425113
BPC,143515.16999999998,46992,6,1,2,5,5398,1,High,2250.33009890374
WUC,97599.18,64570,18,0,2,9,0,0,High,0
WUC,171237.78,40314,15,0,6,5,0,0,Medium,0
Absa,141395.19,99053,2,0,5,5,0,0,Low,0
Letshego,108850.56,68192,13,1,9,4,7016,0,Medium,0
BPC,135897.66,32217,17,1,7,4,7584,0,High,0
BPC,184085.82,16223,3,1,9,5,6967.4,1,High,5455.78048158257
WUC,137707.91999999998,30824,19,0,5,6,0,0,High,0
Letshego,85925.94,10357,2,1,11,2,3578,1,Medium,2445.82631346788
Absa,189265.62,3661,4,1,10,3,6190.8,1,Medium,2732.25303257218
WUC,112754.09999999999,31738,1,0,3,7,0,0,Medium,0
BPC,101994,74501,8,1,6,2,4257,1,Medium,2176.2847842657
Letshego,176850.12,96049,14,1,4,7,7119.2,1,Medium,3682.40590867249
WUC,170898.69,42164,13,1,5,2,2141.7,1,High,1811.195480098
Absa,187791.78,52701,10,0,2,5,0,0,Medium,0
BPC,144561.81,7684,3,0,2,6,0,0,Medium,0
Letshego,57610.59,63354,19,0,2,5,0,0,Medium,0
Letshego,131278.56,35988,12,0,2,6,0,0,Medium,0
Letshego,140337.87,43047,15,1,4,7,3422,0,Medium,0
WUC,187434,96413,6,1,3,11,8541.5,0,High,0
Letshego,170132.4,68419,16,0,2,5,0,0,Medium,0
WUC,142329.69,72128,13,1,7,6,4812,1,Medium,4540.32972113974
Absa,65161.35,17892,18,1,6,3,1500,1,Medium,764.540445094462
Absa,75267.3,21157,9,1,5,3,2400,0,Medium,0
BPC,163075.59,87778,7,1,5,3,8742.8,0,Medium,0
Letshego,69358.59,83915,15,0,8,3,0,0,Medium,0
Letshego,86046.09,72342,14,1,11,2,2148,0,Medium,0
WUC,112030.53,28825,9,1,8,2,6516,1,Medium,1909.84298249334
BPC,188961.24,21789,16,1,4,3,7169.8,0,High,0
Letshego,91346.04,49921,7,1,5,6,546,0,Medium,0
Absa,166322.31,52654,18,1,5,3,4605.7,0,Medium,0
WUC,70640.19,22763,13,1,4,7,1796,1,High,1444.06421250734
Letshego,178206.47999999998,76548,16,0,2,10,0,0,Medium,0
BPC,94267.02,3427,15,0,4,4,0,0,Medium,0
WUC,141197.61,71437,14,1,7,1,2240,0,High,0
BPC,58830.78,84248,14,0,10,2,0,0,Medium,0
Letshego,182539.88999999998,93151,5,1,3,7,1972.3,0,Medium,0
Letshego,107507.55,66547,12,1,12,2,6246,1,Medium,2422.83388504386
Letshego,200188.59,27724,16,1,7,7,4903.8,1,Medium,2774.3715003793
WUC,110607.42,22605,5,0,3,11,0,0,High,0
Absa,209653.74,86914,14,0,1,8,0,0,Medium,0
Absa,114978.20999999999,3433,3,1,5,5,3841,0,Medium,0
BPC,131684.4,85153,15,1,6,3,2757,1,High,2426.6068311113
WUC,132023.49,52869,19,1,7,2,7560,0,High,0
BPC,55362.45,44111,14,0,3,6,0,0,High,0
Letshego,156162.96,93198,14,0,2,9,0,0,Medium,0
BPC,135513.18,17290,9,1,4,9,7119,1,High,6282.45410483057
Absa,104720.06999999999,38500,4,1,7,2,2493,0,Low,0
Letshego,146545.62,14666,10,0,10,3,0,0,Medium,0
BPC,152299.47,15822,3,0,5,9,0,0,Medium,0
WUC,123610.31999999999,67968,15,0,1,7,0,0,Medium,0
Absa,80692.73999999999,56649,8,1,7,6,7669,1,Medium,4100.45139853763
Letshego,167956.35,47693,12,1,9,4,1402.5,1,Medium,154.324659797712
BPC,173194.88999999998,81299,8,0,4,5,0,0,Medium,0
Absa,188595.44999999998,96276,5,0,3,4,0,0,Low,0
Letshego,139069.62,52026,11,1,9,2,3943,1,Medium,2622.5717450676
BPC,101817.78,70669,8,0,3,10,0,0,High,0
WUC,126533.97,18907,17,0,4,8,0,0,High,0
BPC,114972.87,36142,3,0,2,11,0,0,High,0
Letshego,93297.81,5940,2,0,3,9,0,0,Medium,0
BPC,158272.26,16103,4,1,6,1,6740,1,High,2508.60567925498
BPC,206441.72999999998,10828,19,1,9,1,8739.5,1,High,7392.45662228172
WUC,100031.55,28735,9,1,5,3,3988,1,Medium,1714.10583139109
BPC,157559.37,39358,14,1,3,9,1243,0,Medium,0
BPC,139325.94,63782,2,1,7,1,4947,0,High,0
Letshego,149111.49,70999,10,0,9,1,0,0,Medium,0
Letshego,57388.979999999996,33276,2,0,3,4,0,0,Medium,0
WUC,54176.97,96553,13,1,5,5,2166,1,High,336.627148458268
Absa,74447.61,69949,17,0,1,10,0,0,Low,0
BPC,57375.63,16947,5,0,4,7,0,0,High,0
Absa,68159.76,37537,6,1,7,2,1118,1,Medium,978.062683986034
Absa,129583.11,30920,17,0,9,4,0,0,Medium,0
Absa,84903.33,46339,2,1,7,4,7443,1,Medium,4818.04185875498
Absa,183909.6,82505,16,0,9,2,0,0,Low,0
Absa,92499.48,24021,10,1,8,1,4579,1,Medium,2140.92242662911
WUC,131705.76,40830,3,1,4,3,1898,1,High,485.376692682039
WUC,157351.11,97190,18,1,3,6,1836,1,High,1331.28010993637
BPC,78826.41,13318,5,1,8,2,4563,0,Medium,0
BPC,187484.72999999998,63399,15,0,3,5,0,0,Medium,0
WUC,123343.31999999999,70683,9,1,8,3,1019,0,High,0
Absa,90806.7,59529,14,1,5,2,2210,1,Medium,1092.15884155361
Absa,101275.77,99655,5,1,3,10,6570,0,Medium,0
Letshego,78938.55,5488,18,0,3,7,0,0,Medium,0
BPC,147207.78,99017,2,1,3,9,7903,0,High,0
Absa,77235.09,74785,5,0,2,7,0,0,Medium,0
BPC,82086.48,44238,6,1,4,8,1369,1,High,1099.45073169109
Absa,107742.51,16148,16,0,5,2,0,0,Medium,0
BPC,82860.78,45438,8,0,1,7,0,0,High,0
Absa,118366.44,19446,6,0,9,4,0,0,Low,0
Letshego,151693.38,43228,2,0,10,2,0,0,Medium,0
BPC,163243.8,82257,11,0,8,1,0,0,High,0
Absa,185330.04,5988,10,1,3,6,5740.9,0,Low,0
Letshego,113312.12999999999,33213,20,1,2,5,1452,1,Medium,889.682301198877
WUC,206043.9,84399,4,0,1,7,0,0,Medium,0
Absa,56417.1,4980,17,0,11,3,0,0,Low,0
Letshego,151501.13999999998,79395,2,0,5,2,0,0,Medium,0
BPC,127663.37999999999,96201,16,0,9,3,0,0,High,0
BPC,110228.28,66431,5,1,6,2,1710,0,High,0
BPC,194763.15,1863,4,1,6,8,6824.4,0,Medium,0
Letshego,65543.16,47113,5,1,3,5,709,0,Medium,0
BPC,194901.99,71945,5,0,6,8,0,0,High,0
WUC,83552.31,3790,19,1,7,1,6150,0,High,0
Letshego,87853.68,84703,20,1,7,4,7270,1,Medium,2809.16519632097
Absa,192699.24,74895,7,0,7,3,0,0,Low,0
BPC,63145.5,27139,4,1,6,6,5395,0,High,0
Absa,91030.98,74845,14,0,8,2,0,0,Medium,0
Absa,212481.27,67487,12,0,4,7,0,0,Medium,0
WUC,162047.63999999998,18033,8,0,7,3,0,0,Medium,0
BPC,123164.43,67302,16,0,10,2,0,0,Medium,0
WUC,113846.12999999999,93105,6,0,5,2,0,0,Medium,0
WUC,127281.56999999999,85247,17,1,11,3,1453,0,Medium,0
BPC,181856.37,78326,4,1,3,11,2677.4,1,Medium,1596.83966030576
Absa,159607.26,68898,17,1,8,5,1341,1,Medium,621.085652448982
Letshego,128053.2,59546,2,1,4,4,6101,1,Medium,5141.42504116194
BPC,61933.32,40924,9,0,4,3,0,0,High,0
WUC,91399.44,13706,14,1,10,3,7127,1,High,6956.94910908211
WUC,90763.98,82196,5,1,2,6,3068,1,High,2462.6378560937
Absa,90350.13,71955,19,1,11,3,6848,1,Medium,3629.05924099833
WUC,63289.68,79044,8,1,8,1,1102,1,High,425.001145758666
Letshego,133038.09,2813,13,1,4,4,969,1,Medium,705.022962134331
WUC,92510.16,18275,4,0,8,5,0,0,Medium,0
BPC,174860.97,60266,14,1,2,7,7596.6,0,Medium,0
WUC,141077.46,8983,15,0,4,3,0,0,High,0
BPC,205280.28,71024,10,0,5,5,0,0,High,0
Letshego,67203.9,56803,18,1,4,4,2036,1,Medium,1031.27668435443
Letshego,205250.91,28998,17,1,7,2,6619.8,0,Medium,0
Absa,169128.47999999998,39814,20,1,9,2,1771,0,Medium,0
WUC,201104.4,67600,14,1,7,4,5858.6,0,High,0
WUC,151736.1,17056,13,1,8,5,4459,1,High,4156.28090299189
BPC,79186.86,11742,2,1,5,7,7446,0,Medium,0
Absa,82705.92,53811,5,1,8,1,4242,1,Low,1030.78931224197
BPC,170375.37,11217,2,1,4,8,556.6,1,Medium,504.205867734738
BPC,147843.24,10248,17,0,9,3,0,0,High,0
BPC,103459.83,64353,9,0,7,1,0,0,Medium,0
BPC,177202.56,56840,17,0,4,10,0,0,Medium,0
WUC,107275.26,31248,4,0,4,7,0,0,Medium,0
BPC,190480.47,27335,9,1,1,9,6498.8,0,Medium,0
BPC,146401.44,63618,15,1,6,2,5604,0,Medium,0
BPC,119997.81,83245,2,1,4,3,3381,0,Medium,0
Letshego,202797.18,6084,7,0,11,3,0,0,Medium,0
WUC,127524.54,99241,16,0,2,8,0,0,High,0
Letshego,69315.87,3187,17,1,4,3,1928,0,Medium,0
Letshego,127965.09,18804,18,0,1,9,0,0,Medium,0
BPC,211050.15,33541,19,0,5,6,0,0,High,0
Letshego,201627.72,85635,8,1,6,4,4884,0,Medium,0
Letshego,123151.08,19252,19,1,4,4,2959,0,Medium,0
BPC,192728.61,79740,14,0,5,3,0,0,High,0
BPC,101516.06999999999,86026,9,1,8,2,6690,1,Medium,2843.53399741324
Letshego,181234.26,47730,8,0,3,10,0,0,Medium,0
Absa,181642.77,65172,5,0,3,6,0,0,Low,0
WUC,115386.72,33179,15,1,6,5,3173,0,Medium,0
WUC,114529.65,47148,9,0,1,11,0,0,High,0
BPC,156811.77,94298,10,0,4,10,0,0,Medium,0
BPC,191439,25301,3,1,11,3,7564.7,1,Medium,5067.18506240663
BPC,158592.66,3223,8,1,5,3,7659,1,High,6815.53196599998
Letshego,136116.6,96740,18,1,11,2,7624,1,Medium,4673.73939725365
Absa,77235.09,26745,11,0,7,2,0,0,Medium,0
BPC,151565.22,65757,2,0,1,8,0,0,High,0
BPC,60123.06,8463,8,0,3,6,0,0,Medium,0
Letshego,133238.34,96955,3,0,7,5,0,0,Medium,0
WUC,171867.9,91935,6,0,6,1,0,0,High,0
Absa,174174.78,86947,15,1,3,11,1915.1,1,Medium,1658.04900537287
Absa,63508.619999999995,43014,8,1,5,2,6569,0,Medium,0
WUC,124285.83,78322,13,0,2,12,0,0,Medium,0
Letshego,133606.8,30691,10,0,3,6,0,0,Medium,0
Absa,96694.05,29656,16,1,9,1,4591,1,Low,1300.37657882413
BPC,149327.76,99928,12,1,3,11,4800,1,High,643.352183327079
BPC,171280.5,98717,4,1,8,2,4143.7,1,High,3392.73443237598
Letshego,167716.05,48525,19,0,2,9,0,0,Medium,0
Absa,72063.3,76465,2,0,6,2,0,0,Medium,0
Absa,145533.69,33533,3,0,6,2,0,0,Medium,0
BPC,181260.96,24388,17,0,8,6,0,0,High,0
BPC,90537.03,62168,9,0,7,3,0,0,Medium,0
WUC,169520.97,34704,15,1,10,3,1746.8,0,Medium,0
Absa,187650.27,6781,15,0,3,5,0,0,Medium,0
Letshego,72437.09999999999,98213,20,0,5,2,0,0,Medium,0
BPC,207023.79,69116,19,0,5,5,0,0,High,0
BPC,173192.22,86356,4,1,7,2,1548.8,0,High,0
WUC,183303.51,46708,14,1,6,1,3427.6,1,High,3290.36850255607
Absa,83824.65,13477,2,1,3,8,4438,0,Medium,0
WUC,57559.86,68349,10,0,7,2,0,0,Medium,0
WUC,191778.09,2975,16,0,3,7,0,0,Medium,0
BPC,200653.16999999998,17133,8,1,6,8,3352.8,0,Medium,0
WUC,75448.86,89686,19,1,6,2,728,0,High,0
Absa,129919.53,16163,14,1,6,5,2569,0,Medium,0
WUC,127567.26,26606,9,0,9,2,0,0,High,0
WUC,165569.37,25158,17,1,3,5,5814.6,0,High,0
Absa,63903.78,31875,16,0,3,9,0,0,Medium,0
WUC,170831.94,22903,9,0,5,3,0,0,High,0
Letshego,116828.52,4024,7,1,5,3,1526,0,Medium,0
Letshego,127329.62999999999,90401,12,0,2,5,0,0,Medium,0
Absa,169593.06,95980,17,0,6,3,0,0,Medium,0
BPC,128694,94342,12,0,2,11,0,0,High,0
WUC,213522.57,45877,13,1,6,6,5855.3,0,High,0
Letshego,188918.52,44329,16,1,7,7,3660.8,1,Medium,1495.99036600053
Letshego,186077.63999999998,5966,14,1,6,4,7126.9,1,Medium,4159.93203095058
Absa,175416.33,36622,17,1,8,1,3393.5,0,Medium,0
Absa,71358.42,89768,3,0,3,6,0,0,Medium,0
BPC,187805.13,37735,13,0,3,11,0,0,Medium,0
BPC,183778.77,50825,6,0,7,7,0,0,Medium,0
BPC,212224.94999999998,53232,10,0,6,3,0,0,Medium,0
Absa,61140.33,17857,6,0,6,6,0,0,Low,0
Absa,173034.69,54321,18,1,3,10,8741.7,0,Low,0
WUC,120574.53,11939,9,1,2,8,1914,0,Medium,0
Letshego,146660.43,61796,12,0,6,8,0,0,Medium,0
Letshego,186483.47999999998,54953,3,1,4,6,6581.3,0,Medium,0
WUC,55568.04,23535,19,0,1,8,0,0,High,0
Absa,55244.97,90249,15,0,6,6,0,0,Medium,0
Absa,213031.29,20654,10,0,11,3,0,0,Medium,0
WUC,176062.47,42759,4,1,4,8,5387.8,0,High,0
Letshego,103809.59999999999,88552,15,1,5,5,1419,0,Medium,0
Absa,183485.07,24582,13,0,11,2,0,0,Medium,0
WUC,212192.91,29871,2,1,3,5,8767,0,High,0
WUC,85562.81999999999,87763,2,0,3,11,0,0,High,0
Letshego,156894.54,62288,10,0,6,3,0,0,Medium,0
Letshego,123495.51,85873,4,1,3,11,1246,0,Medium,0
BPC,203672.94,48251,10,1,5,7,8504.1,1,High,7460.73414514811
Letshego,211677.6,89529,20,1,2,12,3203.2,0,Medium,0
WUC,126501.93,17738,5,1,5,5,4497,1,Medium,2741.78073737856
BPC,90344.79,62486,15,0,5,3,0,0,High,0
Letshego,164816.43,72553,4,0,3,4,0,0,Medium,0
Absa,142572.66,19831,11,1,2,10,7418,0,Medium,0
Absa,147071.61,57303,17,1,3,6,3260,0,Medium,0
Letshego,122868.06,67482,3,1,6,4,2047,0,Medium,0
WUC,121674.56999999999,92002,17,1,4,3,3592,1,High,2709.89719551383
Letshego,149015.37,33230,6,0,5,2,0,0,Medium,0
Absa,125823.75,55128,3,0,3,7,0,0,Medium,0
Absa,206649.99,1494,4,0,1,12,0,0,Medium,0
Absa,188678.22,37641,14,0,6,4,0,0,Low,0
Absa,89087.22,64125,14,1,2,10,5407,0,Medium,0
Letshego,120710.7,61351,4,1,6,5,6467,1,Medium,2822.29389607788
Letshego,120681.33,82011,20,1,6,1,3000,1,Medium,1774.42394709215
WUC,56729.49,12671,4,1,8,6,7928,1,Medium,4743.56641481332
WUC,114348.09,66672,19,0,6,7,0,0,Medium,0
BPC,121060.47,20959,14,0,6,7,0,0,Medium,0
WUC,84067.62,59099,12,0,6,4,0,0,High,0
Letshego,166394.4,69812,6,0,2,11,0,0,Medium,0
Absa,55565.369999999995,53301,7,0,10,1,0,0,Low,0
Absa,170538.24,37583,17,0,7,5,0,0,Medium,0
BPC,122721.20999999999,70149,19,1,5,7,2829,0,Medium,0
Absa,170543.58,47897,11,1,3,10,1139.6,1,Medium,755.024208561583
BPC,55632.119999999995,23850,18,0,10,3,0,0,High,0
BPC,60659.729999999996,45959,14,0,5,9,0,0,Medium,0
Absa,120430.34999999999,8840,9,0,7,2,0,0,Medium,0
BPC,156542.1,26510,7,1,9,5,2541,1,Medium,260.620567669859
WUC,88611.95999999999,55854,19,0,11,2,0,0,High,0
Letshego,186918.69,3154,3,0,4,4,0,0,Medium,0
BPC,164701.62,21899,14,0,9,2,0,0,High,0
Absa,197438.49,64003,17,0,6,7,0,0,Medium,0
BPC,119760.18,71980,5,0,3,7,0,0,High,0
WUC,119242.2,77909,12,1,3,11,2860,0,Medium,0
Letshego,93452.67,8248,4,1,4,6,3412,0,Medium,0
BPC,113277.42,10776,9,1,1,11,1292,0,Medium,0
BPC,90550.38,94693,6,1,5,9,1732,0,High,0
Letshego,202642.32,93157,11,0,2,5,0,0,Medium,0
WUC,129711.26999999999,92224,14,0,4,5,0,0,High,0
BPC,61036.2,65344,18,1,7,2,3820,0,Medium,0
WUC,177320.04,16479,7,0,2,7,0,0,High,0
WUC,106444.89,91104,6,0,8,4,0,0,High,0
Absa,141971.91,92284,7,1,2,9,1365,1,Medium,728.669884099974
Letshego,161748.6,17755,5,0,1,7,0,0,Medium,0
Absa,97828.8,8263,3,0,1,12,0,0,Medium,0
BPC,61866.57,57057,6,1,8,3,5772,1,Medium,3332.82218183577
WUC,121607.81999999999,37175,19,1,6,2,4642,1,Medium,2370.37723638322
Absa,151140.69,46556,2,0,3,4,0,0,Low,0
BPC,209763.21,47009,11,0,5,7,0,0,Medium,0
Letshego,208761.96,78112,16,0,6,6,0,0,Medium,0
WUC,67575.03,82543,17,1,8,2,4077,0,High,0
WUC,133241.01,28953,12,0,4,9,0,0,High,0
WUC,116788.47,73268,6,1,10,2,7897,1,Medium,3795.8937875275
Absa,115931.4,50101,12,0,5,7,0,0,Low,0
Letshego,104423.7,7561,4,1,8,4,2225,0,Medium,0
Letshego,162749.85,4727,10,0,2,6,0,0,Medium,0
BPC,98995.59,24521,3,1,4,4,6467,1,Medium,3534.4075545527
WUC,115894.02,22621,7,0,5,9,0,0,Medium,0
WUC,212024.69999999998,42816,14,1,11,3,3103.1,1,Medium,670.707503893739
Absa,180278.4,55425,5,0,1,8,0,0,Medium,0
WUC,103446.48,71660,9,1,9,2,3690,1,High,2854.70269910933
Absa,184302.09,24759,16,1,6,1,5096.3,0,Medium,0
Letshego,88790.84999999999,89673,5,0,8,5,0,0,Medium,0
Absa,133670.88,48780,2,0,1,8,0,0,Medium,0
WUC,80148.06,27022,16,1,10,3,7951,1,High,7653.1622806447
WUC,72570.59999999999,32672,14,0,9,5,0,0,High,0
Letshego,197198.19,66766,11,1,6,3,979,1,Medium,419.784333193954
Absa,68413.41,73077,5,0,3,5,0,0,Medium,0
Absa,191983.68,57572,5,0,2,9,0,0,Medium,0
BPC,97708.65,87991,13,1,5,2,3761,1,Medium,2470.22574484325
BPC,57770.79,41511,2,1,9,4,1477,0,High,0
Absa,179538.81,21334,5,0,6,6,0,0,Low,0
BPC,110858.4,47611,17,0,5,9,0,0,High,0
WUC,57421.02,38561,7,0,9,1,0,0,High,0
Letshego,172925.22,25509,1,1,3,9,1162.7,0,Medium,0
Letshego,58147.26,92578,19,0,7,7,0,0,Medium,0
Letshego,122905.44,47151,3,0,4,9,0,0,Medium,0
Absa,94512.66,2380,15,0,5,5,0,0,Medium,0
BPC,133182.27,94379,17,0,9,5,0,0,High,0
Letshego,158066.66999999998,38080,1,1,6,1,2702,0,Medium,0
BPC,66800.73,1796,17,1,3,6,3112,1,Medium,1477.07857838459
WUC,82310.76,98072,11,1,8,2,4866,1,High,1048.02523619542
Absa,70135.56,38376,7,0,4,9,0,0,Low,0
BPC,183546.47999999998,98601,7,1,2,8,647.9,0,Medium,0
Letshego,153925.5,14822,13,1,5,2,3432,1,Medium,664.1142040696
WUC,154416.78,56660,3,0,6,5,0,0,Medium,0
WUC,116019.51,79642,7,0,1,8,0,0,High,0
Letshego,122646.45,20196,12,1,6,7,6133,1,Medium,3199.90033014871
BPC,109251.06,71359,15,0,5,5,0,0,High,0
BPC,180526.71,57005,11,1,7,1,1940.4,1,Medium,326.326466850378
Absa,195486.72,2001,14,0,4,8,0,0,Medium,0
WUC,157711.56,26438,8,1,11,3,2666,1,High,2581.3802531031
Letshego,148377.24,47627,18,0,3,10,0,0,Medium,0
BPC,105916.23,92759,20,1,1,11,1174,0,Medium,0
Letshego,65524.47,99534,16,1,11,2,6460,1,Medium,4378.32710932847
WUC,148139.61,21788,1,0,5,4,0,0,High,0
Letshego,81969,54974,11,0,2,6,0,0,Medium,0
Letshego,172164.27,64894,16,0,4,5,0,0,Medium,0
Letshego,100480.11,90210,5,0,6,3,0,0,Medium,0
Letshego,155797.16999999998,73500,8,1,6,1,4270,0,Medium,0
Letshego,73395.63,61361,11,1,8,5,6430,0,Medium,0
WUC,94293.72,23213,15,1,1,10,6334,0,High,0
WUC,184854.78,91701,7,0,3,9,0,0,Medium,0
Letshego,182166.09,80473,7,0,3,7,0,0,Medium,0
BPC,60742.5,31928,9,0,2,8,0,0,High,0
Letshego,193660.44,23498,6,0,2,9,0,0,Medium,0
Letshego,73908.27,66102,13,0,4,9,0,0,Medium,0
Absa,150935.1,73837,2,1,6,3,4822,1,Medium,2410.64464452304
Absa,128624.58,47044,13,1,6,2,1749,1,Medium,1593.63669401617
WUC,142676.79,86497,9,1,12,2,4654,0,Medium,0
Absa,170410.08,67825,2,0,7,3,0,0,Medium,0
Letshego,128672.64,16985,20,1,9,3,3671,0,Medium,0
BPC,211776.38999999998,2197,13,0,2,9,0,0,High,0
BPC,211143.6,86741,17,0,2,6,0,0,High,0
WUC,116403.98999999999,10971,9,0,2,11,0,0,High,0
Letshego,150937.77,31911,19,0,5,4,0,0,Medium,0
WUC,108746.43,44015,8,0,2,7,0,0,High,0
Absa,123426.09,61960,17,0,5,7,0,0,Medium,0
Absa,90107.16,34583,1,1,5,2,513,0,Medium,0
Absa,54371.88,58418,18,0,5,7,0,0,Medium,0
Letshego,57226.11,83138,2,1,12,2,2377,1,Medium,1223.41812165512
Absa,62814.42,34127,17,0,3,6,0,0,Medium,0
BPC,175886.25,38820,12,1,6,2,4486.9,0,High,0
Absa,128541.81,60963,14,1,5,4,3024,1,Low,216.565023891628
WUC,189703.5,50078,15,1,2,12,1499.3,0,Medium,0
Letshego,146591.01,11818,6,1,2,7,6027,0,Medium,0
WUC,83338.70999999999,84747,14,0,2,5,0,0,Medium,0
Letshego,150972.48,45140,7,0,5,7,0,0,Medium,0
Absa,196514.66999999998,75287,12,0,6,2,0,0,Medium,0
WUC,180649.53,79758,2,0,2,6,0,0,High,0
BPC,134156.82,39679,8,0,7,7,0,0,Medium,0
Letshego,121169.94,2470,10,1,7,7,7648,1,Medium,4525.3854039602
Absa,158232.21,74598,11,1,5,3,5877,1,Medium,1043.68333069445
Absa,195614.88,7770,16,0,6,4,0,0,Medium,0
Absa,196301.07,53670,11,0,4,8,0,0,Low,0
Absa,81977.01,13140,17,0,6,1,0,0,Medium,0
Absa,94651.5,67901,12,1,6,5,3456,0,Medium,0
Letshego,71572.02,6546,11,0,3,10,0,0,Medium,0
WUC,181106.1,80003,13,1,8,6,4847.7,0,Medium,0
BPC,70947.24,66598,7,1,8,3,991,0,High,0
Absa,186216.47999999998,25180,12,1,7,2,4568.3,0,Low,0
Absa,176922.21,16877,20,0,7,6,0,0,Medium,0
WUC,204578.07,6742,18,0,10,2,0,0,Medium,0
Absa,128205.39,2506,16,0,6,8,0,0,Low,0
Letshego,203963.97,83502,17,0,4,5,0,0,Medium,0
BPC,179186.37,26926,19,1,7,5,8214.8,1,Medium,3325.61368891199
WUC,193510.91999999998,6486,12,0,3,8,0,0,Medium,0
WUC,116593.56,35455,8,0,3,11,0,0,High,0
WUC,69371.94,58442,15,0,3,4,0,0,High,0
Letshego,97770.06,80618,10,1,9,1,2579,1,Medium,1234.50466111018
Absa,169099.11,34686,1,1,6,8,6087.4,1,Medium,2551.15992135041
BPC,110479.26,14350,14,1,7,1,7286,1,Medium,2447.53322735475
Absa,114711.20999999999,77588,9,1,9,2,1759,0,Low,0
Absa,58521.06,87847,19,1,4,9,1434,1,Medium,1066.44254463818
Letshego,136936.29,98809,4,1,7,5,6947,1,Medium,3989.46046677502
BPC,72797.55,65827,8,1,5,9,7079,1,High,6533.77666462446
WUC,195206.37,26149,18,0,2,12,0,0,Medium,0
WUC,65358.93,64504,16,0,9,1,0,0,Medium,0
BPC,179034.18,45611,11,1,8,4,6001.6,0,High,0
Letshego,190232.16,20499,1,0,2,11,0,0,Medium,0
WUC,59356.77,61013,6,0,2,9,0,0,High,0
Absa,97479.03,97488,7,0,5,9,0,0,Medium,0
Letshego,156259.08,20718,14,0,3,4,0,0,Medium,0
Absa,179170.35,44041,3,1,1,7,6998.2,1,Low,555.314451869764
Letshego,117490.68,34614,19,1,5,4,5846,0,Medium,0
WUC,203235.06,4367,17,1,5,2,5336.1,0,High,0
WUC,115960.77,10821,6,1,6,1,4511,1,High,3801.27776643354
Absa,121319.45999999999,42504,9,0,5,4,0,0,Medium,0
Absa,99283.95,5686,7,1,10,3,6905,0,Medium,0
WUC,151402.35,3626,8,0,3,5,0,0,High,0
WUC,142922.43,18178,7,0,3,7,0,0,High,0
BPC,59802.659999999996,38431,18,0,7,4,0,0,High,0
Absa,172794.38999999998,59244,6,0,10,4,0,0,Low,0
BPC,86478.63,34307,17,1,10,3,7567,0,High,0
Absa,158571.3,49960,17,1,2,11,5865,1,Medium,3158.75888664625
WUC,137091.15,75480,5,1,6,3,865,0,Medium,0
Absa,154876.02,17737,5,1,4,6,746,1,Low,47.1946004701778
BPC,152334.18,84520,14,0,7,4,0,0,High,0
Absa,99040.98,32710,10,0,4,5,0,0,Low,0
WUC,89252.76,24155,3,0,6,7,0,0,High,0
BPC,139750.47,31689,4,0,3,4,0,0,High,0
Absa,213017.94,79201,7,1,10,2,4427.5,1,Medium,2959.82600972586
WUC,106092.45,26196,13,1,6,5,6296,1,High,5302.75016921805
Absa,105198,92360,19,0,2,6,0,0,Medium,0
BPC,59057.729999999996,15687,9,0,8,2,0,0,Medium,0
Letshego,137603.79,22431,19,0,7,1,0,0,Medium,0
Letshego,149007.36,62983,3,0,2,5,0,0,Medium,0
Letshego,172281.75,26450,17,1,8,5,5485.7,0,Medium,0
WUC,206043.9,71010,6,1,8,3,3558.5,1,High,3009.39826215099
Absa,131836.59,74498,6,1,5,7,6277,0,Low,0
BPC,66741.99,26973,4,0,2,6,0,0,High,0
Absa,95041.31999999999,57689,2,0,5,6,0,0,Medium,0
Absa,193550.97,91649,3,1,7,5,4211.9,0,Medium,0
BPC,189901.08,71134,3,0,2,5,0,0,High,0
BPC,188432.58,84591,5,0,6,8,0,0,High,0
WUC,205093.38,92074,17,1,2,5,2196.7,1,High,2189.01605392703
Letshego,157959.87,30169,1,0,3,11,0,0,Medium,0
WUC,131601.63,65415,8,1,5,7,2158,0,Medium,0
BPC,83477.55,15035,18,0,4,4,0,0,Medium,0
BPC,167627.94,85500,1,1,3,11,5715.6,1,High,5621.56136384283
Absa,67027.68,66935,7,1,3,9,4287,0,Low,0
BPC,127284.23999999999,73599,9,1,7,3,6323,0,Medium,0
Absa,203331.18,32159,12,0,5,3,0,0,Low,0
Absa,188817.06,67104,18,0,6,8,0,0,Low,0
Absa,168132.57,46925,11,1,3,10,4929.1,0,Medium,0
BPC,73232.76,65378,15,1,3,4,626,1,Medium,347.493241453078
BPC,148692.3,78792,13,0,6,8,0,0,Medium,0
BPC,211973.97,90269,5,0,1,6,0,0,High,0
WUC,151989.75,53213,11,1,3,4,940,0,High,0
WUC,97147.95,16653,2,1,5,5,6325,1,High,5242.68562265788
WUC,63604.74,27692,16,1,1,6,2243,1,High,1123.43581408681
BPC,64982.46,14319,5,0,4,5,0,0,High,0
Absa,193337.37,24518,17,1,3,11,7224.8,0,Medium,0
Letshego,111523.23,72583,11,0,7,1,0,0,Medium,0
BPC,204887.79,63085,6,0,3,4,0,0,High,0
Absa,142842.33,45784,16,1,1,6,7341,1,Low,1308.20552011882
Absa,135529.19999999998,63796,2,0,9,4,0,0,Low,0
Letshego,205232.22,53420,1,0,5,8,0,0,Medium,0
Letshego,70989.95999999999,33681,12,1,7,4,3804,1,Medium,2435.77300046766
BPC,184587.78,77303,17,0,3,8,0,0,High,0
WUC,113851.47,63864,10,1,6,4,5650,0,Medium,0
Letshego,142572.66,77662,11,0,7,5,0,0,Medium,0
BPC,103681.44,18706,5,0,3,7,0,0,Medium,0
Absa,66592.47,40244,15,1,3,11,6444,1,Medium,3405.81226729145
Absa,178345.32,96309,11,1,9,4,7330.4,1,Medium,4071.31182941746
Letshego,84355.98,38354,2,1,8,2,4065,1,Medium,2978.78469372634
Absa,158424.44999999998,8678,17,0,4,7,0,0,Low,0
WUC,123111.03,53404,6,1,9,1,709,0,Medium,0
BPC,84983.43,95023,11,0,6,1,0,0,High,0
BPC,212745.6,85755,7,1,2,7,6048.9,1,High,475.263928601565
WUC,124969.34999999999,55394,3,0,5,6,0,0,Medium,0
BPC,58435.619999999995,66830,17,0,3,7,0,0,High,0
Absa,203510.07,50544,13,0,1,7,0,0,Medium,0
BPC,192931.53,92483,17,1,5,7,862.4,1,High,796.057001779787
