"ForMonth","Debtor_ID","Client","Salary","Amount_Owed","Av_Length_of_Calls","PTP_This_Month","PTPs_Honoured","PTPs_Unhonoured","Installment_Due","Paid_This_Month","Willingness_to_Pay"
2023-05-01,5462,"Absa",29521,60523,3,0,0,6,0,0,"Medium"
2023-06-01,5462,"BPC",51558,30603,10,0,0,3,0,0,"High"
2023-07-01,5462,"BPC",72389,81125,16,1,2,8,8146.6,1,"Medium"
2023-08-01,5462,"BPC",72182,95262,18,1,4,9,4530.9,1,"High"
2023-09-01,5462,"Letshego",21421,85353,18,1,2,7,2696,0,"High"
2023-10-01,5462,"Letshego",78553,13604,16,0,5,-2,0,0,"High"
2023-11-01,5462,"Letshego",49413,96919,4,1,3,7,3526,1,"Medium"
2023-12-01,5462,"WUC",43350,56153,15,1,4,2,6966,1,"High"
2023-05-01,5510,"WUC",45053,1531,15,0,0,0,0,0,"High"
2023-06-01,5510,"BPC",25576,14441,14,0,0,1,0,0,"High"
2023-07-01,5510,"WUC",29709,1579,18,1,0,0,7094,0,"High"
2023-08-01,5510,"WUC",44325,81871,8,1,1,7,5629,1,"Medium"
2023-09-01,5510,"WUC",40509,78434,19,1,2,6,1740,0,"Medium"
2023-10-01,5510,"WUC",44915,93176,10,0,3,6,0,0,"High"
2023-11-01,5510,"Absa",38243,37500,5,0,3,1,0,0,"Medium"
2023-12-01,5510,"BPC",53617,97471,12,1,3,7,4899,1,"High"
2023-05-01,5226,"Letshego",29352,82551,4,0,0,8,0,0,"Medium"
2023-06-01,5226,"Letshego",77395,78957,11,0,2,8,0,0,"Medium"
2023-07-01,5226,"WUC",22638,62660,9,0,0,6,0,0,"High"
2023-08-01,5226,"WUC",42329,96768,17,1,0,10,5131,1,"High"
2023-09-01,5226,"Letshego",77757,50492,12,0,4,4,0,0,"Medium"
2023-10-01,5226,"Absa",58726,89476,10,0,1,8,0,0,"Medium"
2023-11-01,5226,"WUC",23676,40703,5,1,1,3,5824,0,"High"
2023-12-01,5226,"Letshego",44597,45307,10,1,2,3,7973,0,"Medium"
2023-05-01,3525,"WUC",45554,93642,5,1,0,9,3940,0,"High"
2023-06-01,3525,"Absa",50489,68650,7,0,1,6,0,0,"Medium"
2023-07-01,3525,"Letshego",46976,2798,17,1,1,-1,3635,0,"Medium"
2023-08-01,3525,"Absa",57396,17387,9,0,2,0,0,0,"Medium"
2023-09-01,3525,"Letshego",28399,50088,9,0,2,3,0,0,"Medium"
2023-10-01,3525,"Letshego",74477,43227,10,1,4,2,8258.8,0,"Medium"
2023-11-01,3525,"Absa",54167,99213,17,1,3,7,7999,0,"Medium"
2023-12-01,3525,"Absa",52897,89006,1,1,4,5,1902,0,"Medium"
2023-05-01,7290,"WUC",27010,35230,7,1,0,4,6008,0,"High"
2023-06-01,7290,"Letshego",65722,70879,3,0,2,6,0,0,"High"
2023-07-01,7290,"Letshego",48702,90964,17,1,1,8,1997,0,"Medium"
2023-08-01,7290,"Absa",66918,67953,10,1,4,5,2819.3,0,"Medium"
2023-09-01,7290,"WUC",22762,64271,11,0,3,3,0,0,"Medium"
2023-10-01,7290,"BPC",69191,15811,9,0,5,-1,0,0,"Medium"
2023-11-01,7290,"Absa",36165,60511,10,1,3,3,1172,1,"Medium"
2023-12-01,7290,"Absa",36971,28002,3,0,4,-1,0,0,"Medium"
2023-05-01,5985,"Absa",58593,46327,2,0,0,5,0,0,"Medium"
2023-06-01,5985,"Letshego",76887,23003,1,0,2,2,0,0,"Medium"
2023-07-01,5985,"Absa",20420,26237,2,1,0,3,2251,0,"Medium"
2023-08-01,5985,"BPC",41097,65715,8,0,1,6,0,0,"Medium"
2023-09-01,5985,"Absa",45143,47727,15,1,1,4,5912,0,"Medium"
2023-10-01,5985,"BPC",47473,16935,15,1,2,0,1571,0,"High"
2023-11-01,5985,"Letshego",62702,27936,3,0,4,0,0,0,"Medium"
2023-12-01,5985,"Absa",75191,71583,19,1,4,4,6466.9,0,"Medium"
2023-05-01,4841,"Letshego",57627,61722,4,0,0,6,0,0,"Medium"
2023-06-01,4841,"Absa",74131,14080,10,0,3,1,0,0,"Medium"
2023-07-01,4841,"Letshego",65440,7931,12,1,1,1,3267,1,"Medium"
2023-08-01,4841,"Letshego",28272,96660,19,1,1,9,869,1,"Medium"
2023-09-01,4841,"Absa",29195,37459,17,1,2,2,6634,1,"Medium"
2023-10-01,4841,"BPC",31479,68068,11,1,3,4,1185,0,"High"
2023-11-01,4841,"BPC",45991,84749,8,0,4,4,0,0,"High"
2023-12-01,4841,"Letshego",25233,24923,11,1,4,-2,4260,0,"High"
2023-05-01,4141,"Letshego",33427,4480,16,0,0,0,0,0,"Medium"
2023-06-01,4141,"BPC",54329,59929,13,1,0,6,6783,1,"High"
2023-07-01,4141,"Absa",44010,83783,3,1,1,7,2552,1,"Medium"
2023-08-01,4141,"BPC",53928,36863,5,1,2,2,4086,0,"High"
2023-09-01,4141,"Letshego",69777,33887,17,1,5,0,1991,0,"High"
2023-10-01,4141,"Letshego",58527,64829,10,0,4,2,0,0,"Medium"
2023-11-01,4141,"Absa",43490,95903,16,1,4,6,4231,1,"Medium"
2023-12-01,4141,"WUC",62575,60024,17,0,7,1,0,0,"Medium"
2023-05-01,6370,"Absa",26529,51518,7,1,0,5,4528,1,"Medium"
2023-06-01,6370,"WUC",36417,16371,5,0,1,1,0,0,"Medium"
2023-07-01,6370,"BPC",55632,84739,13,0,1,7,0,0,"High"
2023-08-01,6370,"Absa",29611,22224,8,0,1,1,0,0,"Medium"
2023-09-01,6370,"Absa",71206,67317,18,0,3,6,0,0,"Medium"
2023-10-01,6370,"Letshego",70864,62158,3,1,4,5,5885,1,"Medium"
2023-11-01,6370,"BPC",48673,5950,4,0,2,-1,0,0,"High"
2023-12-01,6370,"Letshego",66422,94990,13,1,4,7,7690.1,0,"Medium"
2023-05-01,8348,"Letshego",37724,58673,5,1,0,6,6219,1,"Medium"
2023-06-01,8348,"WUC",23938,86234,14,1,1,8,2067,0,"Medium"
2023-07-01,8348,"WUC",46432,52328,11,1,2,3,4039,0,"High"
2023-08-01,8348,"Letshego",47726,27347,15,1,3,0,7774,0,"Medium"
2023-09-01,8348,"Letshego",40456,60140,7,0,4,2,0,0,"High"
2023-10-01,8348,"WUC",31108,79762,3,1,4,4,4231,0,"High"
2023-11-01,8348,"Absa",50420,69239,9,0,5,2,0,0,"Medium"
2023-12-01,8348,"WUC",21151,48583,11,0,5,0,0,0,"High"
2023-05-01,8363,"Absa",66421,47127,15,1,3,5,2963.4,1,"Medium"
2023-06-01,8363,"Letshego",53580,62223,4,1,1,5,4980,0,"High"
2023-07-01,8363,"Letshego",58488,45478,12,1,2,3,6241,1,"High"
2023-08-01,8363,"BPC",48106,60668,10,1,3,3,7046,0,"High"
2023-09-01,8363,"BPC",36753,1456,19,1,4,-4,3238,0,"High"
2023-10-01,8363,"Letshego",47673,99504,18,0,5,5,0,0,"Medium"
2023-11-01,8363,"BPC",67564,41240,4,0,7,-1,0,0,"High"
2023-12-01,8363,"Absa",55134,12677,7,1,5,-4,1682,1,"Medium"
2023-05-01,8133,"Absa",43686,87084,14,0,0,9,0,0,"Medium"
2023-06-01,8133,"WUC",68674,54479,16,0,3,5,0,0,"High"
2023-07-01,8133,"Letshego",39114,88278,11,1,0,9,4428,1,"High"
2023-08-01,8133,"Letshego",54887,4716,5,0,1,-1,0,0,"Medium"
2023-09-01,8133,"Absa",47329,88262,4,1,1,8,4755,1,"Medium"
2023-10-01,8133,"Absa",36128,72513,7,1,2,5,7911,1,"Medium"
2023-11-01,8133,"BPC",53311,77211,2,1,3,5,7310,0,"Medium"
2023-12-01,8133,"Absa",33874,86496,14,0,4,5,0,0,"Medium"
2023-05-01,6445,"Letshego",52594,50573,15,0,0,5,0,0,"Medium"
2023-06-01,6445,"Absa",46854,92661,6,1,0,9,854,1,"Medium"
2023-07-01,6445,"WUC",27817,21599,10,1,1,1,1558,0,"High"
2023-08-01,6445,"Letshego",57304,3683,2,0,2,-2,0,0,"Medium"
2023-09-01,6445,"Letshego",52880,32264,3,0,2,1,0,0,"Medium"
2023-10-01,6445,"WUC",28955,66351,18,0,2,5,0,0,"High"
2023-11-01,6445,"BPC",53573,32154,13,1,2,1,7228,1,"High"
2023-12-01,6445,"WUC",45613,94502,13,1,3,6,904,0,"High"
2023-05-01,7760,"BPC",46864,78118,10,1,0,8,5291,1,"High"
2023-06-01,7760,"Absa",69998,34604,6,0,2,2,0,0,"Medium"
2023-07-01,7760,"Absa",63175,48683,19,1,3,4,2934.8,0,"Medium"
2023-08-01,7760,"WUC",47413,42183,1,0,2,2,0,0,"High"
2023-09-01,7760,"Absa",51276,77857,4,0,2,6,0,0,"Medium"
2023-10-01,7760,"Letshego",34547,49057,19,0,2,3,0,0,"High"
2023-11-01,7760,"Absa",24552,2515,16,0,2,-2,0,0,"Medium"
2023-12-01,7760,"Letshego",43478,64603,20,0,2,4,0,0,"Medium"
2023-05-01,4626,"BPC",20786,24248,6,0,0,2,0,0,"High"
2023-06-01,4626,"BPC",72050,74956,12,1,3,7,4119.5,1,"High"
2023-07-01,4626,"Absa",79557,30265,2,1,3,2,6683.6,0,"Medium"
2023-08-01,4626,"Letshego",62531,90716,16,1,4,7,4939,1,"Medium"
2023-09-01,4626,"WUC",69603,85479,18,1,4,6,6942.1,1,"Medium"
2023-10-01,4626,"Absa",73514,46734,18,0,5,1,0,0,"Medium"
2023-11-01,4626,"Letshego",52365,8063,1,1,4,-3,1038,1,"Medium"
2023-12-01,4626,"Absa",53319,58203,6,0,5,1,0,0,"Medium"
2023-05-01,5756,"BPC",36586,58378,13,1,0,6,3890,0,"Medium"
2023-06-01,5756,"WUC",59552,99364,8,0,1,9,0,0,"High"
2023-07-01,5756,"Letshego",34606,34192,14,0,1,2,0,0,"Medium"
2023-08-01,5756,"Letshego",37296,67013,2,1,1,6,3098,0,"Medium"
2023-09-01,5756,"BPC",62947,93917,13,1,5,7,8679,1,"High"
2023-10-01,5756,"BPC",63652,57911,5,1,4,3,2256.1,1,"High"
2023-11-01,5756,"BPC",30383,69479,6,0,4,3,0,0,"Medium"
2023-12-01,5756,"Absa",38379,9886,15,1,4,-3,4155,1,"Medium"
2023-05-01,8106,"BPC",42194,86779,4,0,0,9,0,0,"Medium"
2023-06-01,8106,"Absa",24663,50613,8,0,0,5,0,0,"Medium"
2023-07-01,8106,"Absa",62789,23102,14,1,3,2,7744,0,"Medium"
2023-08-01,8106,"Letshego",53055,41830,9,1,1,3,4454,0,"Medium"
2023-09-01,8106,"Letshego",28152,88744,11,0,2,7,0,0,"High"
2023-10-01,8106,"WUC",78450,50064,10,0,4,3,0,0,"High"
2023-11-01,8106,"Absa",53718,67603,3,0,2,5,0,0,"Medium"
2023-12-01,8106,"BPC",67305,28968,2,0,4,1,0,0,"Medium"
2023-05-01,8210,"WUC",70935,81889,4,1,1,8,3104.2,0,"High"
2023-06-01,8210,"WUC",72683,25364,16,1,4,2,6861.8,0,"Medium"
2023-07-01,8210,"WUC",68029,37595,4,0,4,2,0,0,"Medium"
2023-08-01,8210,"BPC",58409,24317,2,1,2,0,2143,1,"High"
2023-09-01,8210,"Absa",57736,93640,2,0,3,6,0,0,"Medium"
2023-10-01,8210,"BPC",36285,42093,9,0,3,1,0,0,"High"
2023-11-01,8210,"Letshego",21796,14607,17,0,3,-2,0,0,"High"
2023-12-01,8210,"WUC",45192,91522,7,0,3,6,0,0,"High"
2023-05-01,3952,"Absa",41326,35416,9,1,0,4,4080,0,"Medium"
2023-06-01,3952,"BPC",43540,85440,9,1,1,8,5399,1,"High"
2023-07-01,3952,"WUC",30316,15121,8,0,2,0,0,0,"High"
2023-08-01,3952,"Letshego",39179,36584,19,0,2,2,0,0,"High"
2023-09-01,3952,"WUC",44813,25305,19,0,2,1,0,0,"High"
2023-10-01,3952,"WUC",65560,5545,6,1,4,-1,7786.9,0,"High"
2023-11-01,3952,"Letshego",36313,78670,15,1,3,5,1553,0,"Medium"
2023-12-01,3952,"WUC",26935,20718,5,1,4,-2,7694,0,"High"
2023-05-01,7443,"WUC",21760,39793,19,1,0,4,3714,0,"High"
2023-06-01,7443,"WUC",68411,33033,2,0,2,2,0,0,"Medium"
2023-07-01,7443,"Absa",48808,60608,20,0,1,5,0,0,"Medium"
2023-08-01,7443,"Letshego",68375,54586,5,1,4,4,2503.6,0,"High"
2023-09-01,7443,"WUC",24740,99092,7,0,2,8,0,0,"Medium"
2023-10-01,7443,"WUC",26920,26125,3,0,2,1,0,0,"High"
2023-11-01,7443,"BPC",27765,73792,12,0,2,5,0,0,"High"
2023-12-01,7443,"BPC",64325,97783,14,1,4,8,7763.8,1,"High"
2023-05-01,4016,"BPC",65426,56247,20,1,2,6,6795.8,0,"Medium"
2023-06-01,4016,"BPC",79547,39878,5,1,4,3,1068.1,1,"High"
2023-07-01,4016,"WUC",57473,82644,17,0,2,6,0,0,"Medium"
2023-08-01,4016,"WUC",37321,12126,13,0,2,-1,0,0,"High"
2023-09-01,4016,"BPC",31995,54042,20,0,2,3,0,0,"High"
2023-10-01,4016,"BPC",68055,44939,9,0,4,2,0,0,"Medium"
2023-11-01,4016,"WUC",63666,28122,15,0,4,1,0,0,"High"
2023-12-01,4016,"BPC",33023,16578,2,1,2,0,981,0,"High"
2023-05-01,5012,"Absa",64654,87312,13,1,3,9,1365.1,0,"Medium"
2023-06-01,5012,"Absa",71999,56642,5,1,4,5,2435.4,1,"Medium"
2023-07-01,5012,"Letshego",51764,55518,18,0,2,4,0,0,"Medium"
2023-08-01,5012,"WUC",55918,59644,16,1,2,4,5035,0,"High"
2023-09-01,5012,"WUC",76258,73053,17,1,6,4,8754.9,0,"High"
2023-10-01,5012,"Letshego",77043,64254,17,1,6,2,5571.5,1,"Medium"
2023-11-01,5012,"Letshego",59632,61831,9,0,5,1,0,0,"Medium"
2023-12-01,5012,"Letshego",24337,6189,20,0,5,-4,0,0,"Medium"
2023-05-01,8474,"Letshego",69580,56951,10,0,2,6,0,0,"Medium"
2023-06-01,8474,"Absa",48773,59147,10,1,0,6,1796,0,"Medium"
2023-07-01,8474,"WUC",43474,63228,8,1,1,5,5379,1,"High"
2023-08-01,8474,"Letshego",37947,62567,2,1,2,4,7905,1,"High"
2023-09-01,8474,"BPC",34658,9145,18,1,3,-2,5773,1,"Medium"
2023-10-01,8474,"BPC",45309,8687,5,0,4,-3,0,0,"High"
2023-11-01,8474,"WUC",76266,69022,7,0,7,3,0,0,"High"
2023-12-01,8474,"Letshego",35869,83200,14,1,4,4,7636,0,"Medium"
2023-05-01,5887,"BPC",54114,15445,12,1,0,2,4805,0,"High"
2023-06-01,5887,"BPC",32131,78569,19,1,1,7,778,1,"Medium"
2023-07-01,5887,"Letshego",31568,49159,3,0,2,3,0,0,"Medium"
2023-08-01,5887,"WUC",63117,98937,11,1,5,8,930.6,0,"Medium"
2023-09-01,5887,"Absa",38811,50411,18,0,3,2,0,0,"Medium"
2023-10-01,5887,"WUC",28303,56664,18,0,3,3,0,0,"High"
2023-11-01,5887,"WUC",23482,38447,18,0,3,1,0,0,"Medium"
2023-12-01,5887,"BPC",75866,52345,16,1,6,2,1764.4,0,"High"
2023-05-01,5566,"WUC",54100,8354,4,0,0,1,0,0,"Medium"
2023-06-01,5566,"Letshego",27066,54309,3,1,0,5,2385,1,"High"
2023-07-01,5566,"BPC",53888,96145,3,1,1,9,4362,1,"Medium"
2023-08-01,5566,"Absa",52415,53253,9,1,2,3,6790,0,"Medium"
2023-09-01,5566,"Letshego",69181,44279,16,0,4,1,0,0,"High"
2023-10-01,5566,"Absa",62179,4194,18,0,4,-3,0,0,"Medium"
2023-11-01,5566,"BPC",54065,4736,9,1,3,-3,2546,0,"High"
2023-12-01,5566,"Letshego",63279,5687,16,1,5,-3,5582.5,0,"Medium"
2023-05-01,4449,"Letshego",65147,16935,10,1,3,2,6059.9,1,"High"
2023-06-01,4449,"Absa",42885,47441,14,0,1,4,0,0,"Medium"
2023-07-01,4449,"Absa",37281,80786,15,1,1,7,2291,1,"Medium"
2023-08-01,4449,"Absa",51901,28779,14,1,2,1,2392,1,"Medium"
2023-09-01,4449,"BPC",35579,75724,17,1,3,5,5629,0,"Medium"
2023-10-01,4449,"Letshego",69907,52661,7,1,7,1,6343.7,0,"Medium"
2023-11-01,4449,"WUC",44322,29606,4,0,5,-2,0,0,"High"
2023-12-01,4449,"Absa",24358,2720,3,1,5,-5,1435,0,"Medium"
2023-05-01,8768,"WUC",77226,67167,1,0,2,7,0,0,"High"
2023-06-01,8768,"Letshego",33031,7631,18,0,0,1,0,0,"High"
2023-07-01,8768,"Letshego",44338,83802,16,1,0,8,6314,0,"Medium"
2023-08-01,8768,"BPC",57540,14399,2,1,1,0,3440,1,"High"
2023-09-01,8768,"Letshego",57704,65932,3,1,2,5,5622,0,"Medium"
2023-10-01,8768,"WUC",39694,83957,4,0,3,5,0,0,"High"
2023-11-01,8768,"Absa",28335,26507,11,0,3,0,0,0,"Medium"
2023-12-01,8768,"WUC",74879,14464,15,1,6,-2,3103.1,0,"High"
2023-05-01,4789,"BPC",55947,76585,3,1,0,8,5779,1,"Medium"
2023-06-01,4789,"Absa",64976,21988,3,0,3,1,0,0,"Medium"
2023-07-01,4789,"WUC",75137,27529,11,0,4,2,0,0,"High"
2023-08-01,4789,"Absa",51726,53651,7,0,1,4,0,0,"Medium"
2023-09-01,4789,"BPC",42319,47938,9,0,1,4,0,0,"High"
2023-10-01,4789,"Absa",23948,37971,3,0,1,3,0,0,"Medium"
2023-11-01,4789,"Letshego",71262,77760,19,1,3,7,6486.7,1,"Medium"
2023-12-01,4789,"Letshego",50625,56262,15,0,2,4,0,0,"Medium"
2023-05-01,7306,"BPC",32600,16368,10,1,0,2,4218,0,"High"
2023-06-01,7306,"WUC",42551,98952,14,0,1,9,0,0,"Medium"
2023-07-01,7306,"WUC",32442,25200,6,0,1,2,0,0,"Medium"
2023-08-01,7306,"BPC",47554,13907,14,1,1,0,6391,0,"High"
2023-09-01,7306,"Letshego",34490,22055,8,1,2,0,7060,0,"Medium"
2023-10-01,7306,"Letshego",27121,38620,14,0,3,1,0,0,"High"
2023-11-01,7306,"BPC",24348,36602,9,0,3,1,0,0,"High"
2023-12-01,7306,"WUC",61459,30964,15,1,6,0,3515.6,1,"High"
2023-05-01,5979,"WUC",37217,5396,6,1,0,1,7458,0,"High"
2023-06-01,5979,"Letshego",28965,93544,15,0,1,8,0,0,"High"
2023-07-01,5979,"Letshego",78346,57303,12,1,2,5,1263.9,1,"High"
2023-08-01,5979,"Letshego",44631,22859,1,0,2,0,0,0,"Medium"
2023-09-01,5979,"Letshego",44109,87918,8,1,2,7,6988,1,"Medium"
2023-10-01,5979,"BPC",58913,47262,9,1,3,2,6628,0,"Medium"
2023-11-01,5979,"Letshego",74978,54693,9,1,7,1,6644,1,"Medium"
2023-12-01,5979,"Absa",33000,78655,11,0,5,3,0,0,"Medium"
2023-05-01,4613,"BPC",52880,65139,17,0,0,7,0,0,"High"
2023-06-01,4613,"BPC",63203,15344,16,0,3,2,0,0,"High"
2023-07-01,4613,"WUC",43835,32842,2,0,0,3,0,0,"High"
2023-08-01,4613,"Letshego",25640,95155,3,1,0,10,2651,0,"Medium"
2023-09-01,4613,"BPC",58094,19632,7,1,1,1,6601,1,"High"
2023-10-01,4613,"Absa",20149,75290,7,1,2,6,4767,1,"Medium"
2023-11-01,4613,"BPC",32631,46457,15,1,3,2,888,0,"High"
2023-12-01,4613,"Letshego",60741,14995,4,1,6,-3,3845.6,1,"Medium"
2023-05-01,3554,"BPC",71971,21314,20,1,1,2,6475.7,0,"High"
2023-06-01,3554,"Absa",67982,67854,17,1,4,6,4304.3,0,"Medium"
2023-07-01,3554,"BPC",28100,14665,12,0,2,-1,0,0,"High"
2023-08-01,3554,"WUC",43250,42139,18,1,2,2,1256,1,"Medium"
2023-09-01,3554,"Letshego",67308,45673,1,0,4,2,0,0,"Medium"
2023-10-01,3554,"WUC",61575,62672,16,0,6,3,0,0,"Medium"
2023-11-01,3554,"WUC",55656,25866,18,1,3,0,6801,0,"Medium"
2023-12-01,3554,"BPC",27431,46951,3,0,4,1,0,0,"Medium"
2023-05-01,7468,"Letshego",53305,17385,10,1,0,2,6689,1,"High"
2023-06-01,7468,"Absa",46965,85923,14,1,1,8,4175,0,"Medium"
2023-07-01,7468,"BPC",65970,16499,10,1,4,0,8079.5,0,"Medium"
2023-08-01,7468,"WUC",21566,9745,18,0,3,-2,0,0,"Medium"
2023-09-01,7468,"WUC",31710,89448,9,0,3,6,0,0,"High"
2023-10-01,7468,"Letshego",72874,30761,12,0,6,0,0,0,"Medium"
2023-11-01,7468,"WUC",26588,75457,13,1,3,5,3853,0,"High"
2023-12-01,7468,"WUC",78113,40759,6,1,6,0,4654.1,0,"High"
2023-05-01,4166,"BPC",43112,45407,18,1,0,5,4980,0,"Medium"
2023-06-01,4166,"BPC",71515,16808,4,0,3,1,0,0,"High"
2023-07-01,4166,"WUC",73243,15307,12,0,2,1,0,0,"Medium"
2023-08-01,4166,"BPC",49345,15769,6,1,1,1,6459,1,"High"
2023-09-01,4166,"Absa",63086,51929,2,1,3,3,4504.5,1,"Medium"
2023-10-01,4166,"Letshego",49202,49790,15,0,3,2,0,0,"Medium"
2023-11-01,4166,"Letshego",79323,62018,13,1,6,3,4555.1,0,"High"
2023-12-01,4166,"Absa",23885,45295,7,0,4,1,0,0,"Medium"
2023-05-01,5591,"WUC",29460,6512,18,0,0,1,0,0,"High"
2023-06-01,5591,"Letshego",67121,1534,12,0,3,0,0,0,"High"
2023-07-01,5591,"Absa",52531,22962,19,1,0,2,2822,1,"Medium"
2023-08-01,5591,"Letshego",44993,85245,18,0,1,8,0,0,"Medium"
2023-09-01,5591,"BPC",79933,27467,8,0,3,2,0,0,"High"
2023-10-01,5591,"WUC",35340,60261,15,1,1,5,5090,0,"High"
2023-11-01,5591,"Letshego",50473,61251,17,1,2,4,7095,1,"Medium"
2023-12-01,5591,"Letshego",24738,99224,18,0,3,7,0,0,"High"
2023-05-01,5537,"WUC",68820,19928,3,1,3,2,2032.8,1,"Medium"
2023-06-01,5537,"BPC",42931,75586,2,1,1,7,3890,0,"Medium"
2023-07-01,5537,"Letshego",68131,24996,20,0,4,0,0,0,"Medium"
2023-08-01,5537,"Letshego",31875,33418,8,0,2,1,0,0,"Medium"
2023-09-01,5537,"WUC",76784,1350,15,1,3,-2,2219.8,1,"High"
2023-10-01,5537,"Absa",40740,99745,11,1,3,7,1801,1,"Medium"
2023-11-01,5537,"Absa",51323,44368,8,1,4,0,5101,1,"Medium"
2023-12-01,5537,"Absa",26701,99771,15,1,5,5,1677,0,"Medium"
2023-05-01,4798,"Letshego",73158,20475,18,0,2,2,0,0,"High"
2023-06-01,4798,"BPC",77255,12036,3,1,2,1,2830.3,1,"High"
2023-07-01,4798,"Absa",22423,25823,8,1,1,2,2287,1,"Medium"
2023-08-01,4798,"Letshego",49617,68367,16,1,2,5,3374,0,"High"
2023-09-01,4798,"Letshego",33564,58148,5,1,3,3,7645,1,"Medium"
2023-10-01,4798,"WUC",71528,42218,13,1,5,0,2247.3,0,"Medium"
2023-11-01,4798,"BPC",51856,73189,8,0,5,2,0,0,"Medium"
2023-12-01,4798,"BPC",20278,57845,12,0,5,1,0,0,"High"
2023-05-01,3904,"Absa",36654,58186,12,1,0,6,1275,1,"Medium"
2023-06-01,3904,"Letshego",39512,59410,14,0,1,5,0,0,"Medium"
2023-07-01,3904,"BPC",55322,23070,16,1,1,1,2897,1,"Medium"
2023-08-01,3904,"WUC",34981,11246,10,1,2,-1,6828,1,"High"
2023-09-01,3904,"Absa",22587,73914,8,0,3,4,0,0,"Medium"
2023-10-01,3904,"WUC",26641,61628,17,0,3,3,0,0,"Medium"
2023-11-01,3904,"Letshego",62225,95170,11,1,6,7,1971.2,1,"Medium"
2023-12-01,3904,"WUC",76341,96028,15,0,6,6,0,0,"High"
2023-05-01,8961,"WUC",38670,74739,17,0,0,7,0,0,"Medium"
2023-06-01,8961,"Letshego",24710,44048,9,1,0,4,4146,0,"Medium"
2023-07-01,8961,"Absa",39305,18303,9,1,1,1,1935,0,"Medium"
2023-08-01,8961,"Absa",57494,44094,17,0,2,2,0,0,"Medium"
2023-09-01,8961,"WUC",46415,76483,15,0,2,6,0,0,"Medium"
2023-10-01,8961,"BPC",68081,91984,13,1,4,7,3407.8,0,"High"
2023-11-01,8961,"Absa",36757,90763,14,0,3,6,0,0,"Medium"
2023-12-01,8961,"BPC",54243,81736,15,1,3,5,2670,1,"High"
2023-05-01,4046,"WUC",22528,20776,6,1,0,2,7079,1,"Medium"
2023-06-01,4046,"Letshego",31443,5913,6,1,1,0,4549,1,"High"
2023-07-01,4046,"Absa",63625,48416,5,0,5,3,0,0,"Medium"
2023-08-01,4046,"Absa",69601,59449,19,1,5,4,2201.1,0,"Medium"
2023-09-01,4046,"Letshego",50643,10565,6,0,3,-2,0,0,"High"
2023-10-01,4046,"WUC",54064,95138,10,0,3,7,0,0,"Medium"
2023-11-01,4046,"WUC",20069,17112,2,1,3,-1,1017,1,"Medium"
2023-12-01,4046,"WUC",28627,92229,16,1,4,5,2037,1,"Medium"
2023-05-01,6003,"BPC",71958,13650,9,1,3,1,1491.6,1,"High"
2023-06-01,6003,"BPC",24954,66611,10,1,1,6,4079,1,"Medium"
2023-07-01,6003,"Absa",34674,78620,19,1,2,6,6946,1,"Medium"
2023-08-01,6003,"WUC",78893,76697,8,1,5,5,4840,0,"High"
2023-09-01,6003,"WUC",54655,67584,15,1,4,3,6386,1,"Medium"
2023-10-01,6003,"BPC",34924,12451,16,1,5,-4,4458,1,"High"
2023-11-01,6003,"Letshego",56897,85279,5,1,6,3,6161,1,"Medium"
2023-12-01,6003,"Letshego",21905,62178,2,0,7,-1,0,0,"Medium"
2023-05-01,7404,"WUC",28785,83805,7,0,0,8,0,0,"High"
2023-06-01,7404,"Absa",62184,17823,14,1,1,2,1328.8,0,"Medium"
2023-07-01,7404,"Letshego",23934,2018,16,1,1,-1,5849,1,"Medium"
2023-08-01,7404,"WUC",57308,33024,13,0,2,1,0,0,"Medium"
2023-09-01,7404,"Absa",76240,27699,19,1,4,1,6307.4,1,"Medium"
2023-10-01,7404,"Letshego",25274,82701,1,1,3,5,7777,1,"Medium"
2023-11-01,7404,"BPC",78368,93433,8,1,5,5,4376.9,1,"Medium"
2023-12-01,7404,"WUC",21561,13651,13,0,5,-4,0,0,"Medium"
2023-05-01,6206,"BPC",63514,91420,3,1,2,9,2964.5,1,"Medium"
2023-06-01,6206,"Letshego",47222,60918,1,0,1,5,0,0,"High"
2023-07-01,6206,"BPC",53971,40628,4,1,1,3,7202,1,"Medium"
2023-08-01,6206,"Absa",72364,66914,15,0,4,5,0,0,"Medium"
2023-09-01,6206,"Letshego",53274,76992,17,1,2,6,7881,1,"Medium"
2023-10-01,6206,"Absa",64259,52668,7,1,4,2,7407.4,0,"Medium"
2023-11-01,6206,"WUC",57388,40056,6,0,4,0,0,0,"High"
2023-12-01,6206,"WUC",38662,96613,6,1,4,6,1144,1,"High"
2023-05-01,6994,"Absa",43532,5850,19,0,0,1,0,0,"Medium"
2023-06-01,6994,"WUC",32125,16178,10,0,0,2,0,0,"Medium"
2023-07-01,6994,"BPC",71167,69987,14,1,2,7,3378.1,0,"High"
2023-08-01,6994,"Letshego",56410,73051,18,1,1,6,1802,1,"High"
2023-09-01,6994,"Absa",65366,11730,13,1,3,-1,5016,1,"Medium"
2023-10-01,6994,"BPC",53751,46992,6,1,3,2,5398,1,"High"
2023-11-01,6994,"WUC",36554,64570,18,0,4,2,0,0,"High"
2023-12-01,6994,"WUC",64134,40314,15,0,6,0,0,0,"High"
2023-05-01,8343,"Absa",52957,99053,2,0,0,10,0,0,"Medium"
2023-06-01,8343,"Letshego",40768,68192,13,1,0,7,7016,0,"Medium"
2023-07-01,8343,"BPC",50898,32217,17,1,1,2,7584,0,"High"
2023-08-01,8343,"BPC",68946,16223,3,1,3,0,6967.4,1,"High"
2023-09-01,8343,"WUC",51576,30824,19,0,3,0,0,0,"High"
2023-10-01,8343,"Letshego",32182,10357,2,1,3,-2,3578,1,"Medium"
2023-11-01,8343,"Absa",70886,3661,4,1,6,-4,6190.8,1,"Medium"
2023-12-01,8343,"WUC",42230,31738,1,0,5,-2,0,0,"High"
2023-05-01,3165,"BPC",38200,74501,8,1,0,7,4257,1,"High"
2023-06-01,3165,"Letshego",66236,96049,14,1,3,9,7119.2,1,"Medium"
2023-07-01,3165,"WUC",64007,42164,13,1,3,2,2141.7,1,"High"
2023-08-01,3165,"Absa",70334,52701,10,0,4,2,0,0,"Medium"
2023-09-01,3165,"BPC",54143,7684,3,0,3,-2,0,0,"Medium"
2023-10-01,3165,"Letshego",21577,63354,19,0,3,3,0,0,"Medium"
2023-11-01,3165,"Letshego",49168,35988,12,0,3,1,0,0,"High"
2023-12-01,3165,"Letshego",52561,43047,15,1,3,1,3422,0,"Medium"
2023-05-01,3216,"WUC",70200,96413,6,1,2,10,8541.5,0,"High"
2023-06-01,3216,"Letshego",63720,68419,16,0,2,6,0,0,"High"
2023-07-01,3216,"WUC",53307,72128,13,1,1,6,4812,1,"Medium"
2023-08-01,3216,"Absa",24405,17892,18,1,2,0,1500,1,"Medium"
2023-09-01,3216,"Absa",28190,21157,9,1,3,-1,2400,0,"Medium"
2023-10-01,3216,"BPC",61077,87778,7,1,7,5,8742.8,0,"High"
2023-11-01,3216,"Letshego",25977,83915,15,0,5,3,0,0,"Medium"
2023-12-01,3216,"Letshego",32227,72342,14,1,5,2,2148,0,"Medium"
2023-05-01,4313,"WUC",41959,28825,9,1,0,3,6516,1,"High"
2023-06-01,4313,"BPC",70772,21789,16,1,3,1,7169.8,0,"High"
2023-07-01,4313,"Letshego",34212,49921,7,1,2,3,546,0,"Medium"
2023-08-01,4313,"Absa",62293,52654,18,1,6,2,4605.7,0,"Medium"
2023-09-01,4313,"WUC",26457,22763,13,1,4,-2,1796,1,"High"
2023-10-01,4313,"Letshego",66744,76548,16,0,8,3,0,0,"Medium"
2023-11-01,4313,"BPC",35306,3427,15,0,5,-5,0,0,"High"
2023-12-01,4313,"WUC",52883,71437,14,1,5,2,2240,0,"Medium"
2023-05-01,5628,"BPC",22034,84248,14,0,0,8,0,0,"High"
2023-06-01,5628,"Letshego",68367,93151,5,1,2,9,1972.3,0,"Medium"
2023-07-01,5628,"Letshego",40265,66547,12,1,1,6,6246,1,"Medium"
2023-08-01,5628,"Letshego",74977,27724,16,1,5,1,4903.8,1,"High"
2023-09-01,5628,"WUC",41426,22605,5,0,3,-1,0,0,"Medium"
2023-10-01,5628,"Absa",78522,86914,14,0,4,6,0,0,"Medium"
2023-11-01,5628,"Absa",43063,3433,3,1,3,-3,3841,0,"Medium"
2023-12-01,5628,"BPC",49320,85153,15,1,4,5,2757,1,"High"
2023-05-01,3587,"WUC",49447,52869,19,1,0,5,7560,0,"High"
2023-06-01,3587,"BPC",20735,44111,14,0,1,3,0,0,"Medium"
2023-07-01,3587,"Letshego",58488,93198,14,0,1,8,0,0,"High"
2023-08-01,3587,"BPC",50754,17290,9,1,1,1,7119,1,"High"
2023-09-01,3587,"Absa",39221,38500,4,1,2,2,2493,0,"Medium"
2023-10-01,3587,"Letshego",54886,14666,10,0,3,-2,0,0,"High"
2023-11-01,3587,"BPC",57041,15822,3,0,3,-1,0,0,"High"
2023-12-01,3587,"WUC",46296,67968,15,0,3,4,0,0,"High"
2023-05-01,4598,"Absa",30222,56649,8,1,0,6,7669,1,"Medium"
2023-06-01,4598,"Letshego",62905,47693,12,1,3,4,1402.5,1,"High"
2023-07-01,4598,"BPC",64867,81299,8,0,5,6,0,0,"High"
2023-08-01,4598,"Absa",70635,96276,5,0,3,8,0,0,"Medium"
2023-09-01,4598,"Letshego",52086,52026,11,1,2,3,3943,1,"Medium"
2023-10-01,4598,"BPC",38134,70669,8,0,3,4,0,0,"High"
2023-11-01,4598,"WUC",47391,18907,17,0,3,-1,0,0,"High"
2023-12-01,4598,"BPC",43061,36142,3,0,3,1,0,0,"Medium"
2023-05-01,7236,"Letshego",34943,5940,2,0,0,1,0,0,"Medium"
2023-06-01,7236,"BPC",59278,16103,4,1,0,2,6740,1,"High"
2023-07-01,7236,"BPC",77319,10828,19,1,4,0,8739.5,1,"High"
2023-08-01,7236,"WUC",37465,28735,9,1,2,1,3988,1,"High"
2023-09-01,7236,"BPC",59011,39358,14,1,3,1,1243,0,"High"
2023-10-01,7236,"BPC",52182,63782,2,1,4,2,4947,0,"High"
2023-11-01,7236,"Letshego",55847,70999,10,0,5,2,0,0,"High"
2023-12-01,7236,"Letshego",21494,33276,2,0,5,-2,0,0,"High"
2023-05-01,7817,"WUC",20291,96553,13,1,0,10,2166,1,"High"
2023-06-01,7817,"Absa",27883,69949,17,0,1,6,0,0,"Medium"
2023-07-01,7817,"BPC",21489,16947,5,0,1,1,0,0,"Medium"
2023-08-01,7817,"Absa",25528,37537,6,1,1,3,1118,1,"Medium"
2023-09-01,7817,"Absa",48533,30920,17,0,2,1,0,0,"Medium"
2023-10-01,7817,"Absa",31799,46339,2,1,2,3,7443,1,"Medium"
2023-11-01,7817,"Absa",68880,82505,16,0,5,5,0,0,"Medium"
2023-12-01,7817,"Absa",34644,24021,10,1,3,-1,4579,1,"Medium"
2023-05-01,6936,"WUC",49328,40830,3,1,0,4,1898,1,"High"
2023-06-01,6936,"WUC",58933,97190,18,1,1,9,1836,1,"High"
2023-07-01,6936,"BPC",29523,13318,5,1,2,-1,4563,0,"High"
2023-08-01,6936,"BPC",70219,63399,15,0,5,3,0,0,"High"
2023-09-01,6936,"WUC",46196,70683,9,1,3,4,1019,0,"Medium"
2023-10-01,6936,"Absa",34010,59529,14,1,4,2,2210,1,"Medium"
2023-11-01,6936,"Absa",37931,99655,5,1,5,5,6570,0,"Medium"
2023-12-01,6936,"Letshego",29565,5488,18,0,6,-5,0,0,"Medium"
2023-05-01,7088,"BPC",55134,99017,2,1,0,10,7903,0,"High"
2023-06-01,7088,"Absa",28927,74785,5,0,1,6,0,0,"Medium"
2023-07-01,7088,"BPC",30744,44238,6,1,1,3,1369,1,"High"
2023-08-01,7088,"Absa",40353,16148,16,0,2,0,0,0,"Medium"
2023-09-01,7088,"BPC",31034,45438,8,0,2,3,0,0,"High"
2023-10-01,7088,"Absa",44332,19446,6,0,2,0,0,0,"Medium"
2023-11-01,7088,"Letshego",56814,43228,2,0,2,2,0,0,"High"
2023-12-01,7088,"BPC",61140,82257,11,0,3,6,0,0,"High"
2023-05-01,5906,"Absa",69412,5988,10,1,3,1,5740.9,0,"Medium"
2023-06-01,5906,"Letshego",42439,33213,20,1,1,2,1452,1,"High"
2023-07-01,5906,"WUC",77170,84399,4,0,4,6,0,0,"High"
2023-08-01,5906,"Absa",21130,4980,17,0,2,-2,0,0,"Medium"
2023-09-01,5906,"Letshego",56742,79395,2,0,2,6,0,0,"High"
2023-10-01,5906,"BPC",47814,96201,16,0,2,8,0,0,"Medium"
2023-11-01,5906,"BPC",41284,66431,5,1,2,5,1710,0,"High"
2023-12-01,5906,"BPC",72945,1863,4,1,6,-3,6824.4,0,"Medium"
2023-05-01,7248,"Letshego",24548,47113,5,1,0,5,709,0,"Medium"
2023-06-01,7248,"BPC",72997,71945,5,0,4,6,0,0,"High"
2023-07-01,7248,"WUC",31293,3790,19,1,1,-1,6150,0,"High"
2023-08-01,7248,"Letshego",32904,84703,20,1,2,6,7270,1,"Medium"
2023-09-01,7248,"Absa",72172,74895,7,0,4,4,0,0,"Medium"
2023-10-01,7248,"BPC",23650,27139,4,1,3,0,5395,0,"High"
2023-11-01,7248,"Absa",34094,74845,14,0,4,3,0,0,"Medium"
2023-12-01,7248,"Absa",79581,67487,12,0,7,3,0,0,"Medium"
2023-05-01,3293,"WUC",60692,18033,8,0,2,2,0,0,"High"
2023-06-01,3293,"BPC",46129,67302,16,0,0,7,0,0,"Medium"
2023-07-01,3293,"WUC",42639,93105,6,0,0,9,0,0,"High"
2023-08-01,3293,"WUC",47671,85247,17,1,0,9,1453,0,"High"
2023-09-01,3293,"BPC",68111,78326,4,1,2,7,2677.4,1,"High"
2023-10-01,3293,"Absa",59778,68898,17,1,2,5,1341,1,"Medium"
2023-11-01,3293,"Letshego",47960,59546,2,1,3,3,6101,1,"Medium"
2023-12-01,3293,"BPC",23196,40924,9,0,4,0,0,0,"High"
2023-05-01,3276,"WUC",34232,13706,14,1,0,1,7127,1,"Medium"
2023-06-01,3276,"WUC",33994,82196,5,1,1,7,3068,1,"Medium"
2023-07-01,3276,"Absa",33839,71955,19,1,2,5,6848,1,"Medium"
2023-08-01,3276,"WUC",23704,79044,8,1,3,5,1102,1,"High"
2023-09-01,3276,"Letshego",49827,2813,13,1,4,-4,969,1,"Medium"
2023-10-01,3276,"WUC",34648,18275,4,0,5,-3,0,0,"High"
2023-11-01,3276,"BPC",65491,60266,14,1,6,1,7596.6,0,"High"
2023-12-01,3276,"WUC",52838,8983,15,0,6,-5,0,0,"High"
2023-05-01,8582,"BPC",76884,71024,10,0,1,7,0,0,"High"
2023-06-01,8582,"Letshego",25170,56803,18,1,0,6,2036,1,"Medium"
2023-07-01,8582,"Letshego",76873,28998,17,1,3,2,6619.8,0,"Medium"
2023-08-01,8582,"Absa",63344,39814,20,1,3,2,1771,0,"Medium"
2023-09-01,8582,"WUC",75320,67600,14,1,5,4,5858.6,0,"High"
2023-10-01,8582,"WUC",56830,17056,13,1,4,-2,4459,1,"Medium"
2023-11-01,8582,"BPC",29658,11742,2,1,5,-4,7446,0,"High"
2023-12-01,8582,"Absa",30976,53811,5,1,6,-1,4242,1,"Medium"
2023-05-01,3040,"BPC",63811,11217,2,1,1,1,556.6,1,"Medium"
2023-06-01,3040,"BPC",55372,10248,17,0,1,0,0,0,"Medium"
2023-07-01,3040,"BPC",38749,64353,9,0,1,5,0,0,"High"
2023-08-01,3040,"BPC",66368,56840,17,0,3,5,0,0,"High"
2023-09-01,3040,"WUC",40178,31248,4,0,1,2,0,0,"High"
2023-10-01,3040,"BPC",71341,27335,9,1,3,2,6498.8,0,"High"
2023-11-01,3040,"BPC",54832,63618,15,1,2,4,5604,0,"High"
2023-12-01,3040,"BPC",44943,83245,2,1,3,5,3381,0,"Medium"
2023-05-01,3315,"Letshego",75954,6084,7,0,3,1,0,0,"Medium"
2023-06-01,3315,"WUC",47762,99241,16,0,0,10,0,0,"High"
2023-07-01,3315,"Letshego",25961,3187,17,1,0,0,1928,0,"High"
2023-08-01,3315,"Letshego",47927,18804,18,0,1,1,0,0,"High"
2023-09-01,3315,"BPC",79045,33541,19,0,2,2,0,0,"High"
2023-10-01,3315,"Letshego",75516,85635,8,1,3,8,4884,0,"High"
2023-11-01,3315,"Letshego",46124,19252,19,1,2,0,2959,0,"Medium"
2023-12-01,3315,"BPC",72183,79740,14,0,4,5,0,0,"Medium"
2023-05-01,5821,"BPC",38021,86026,9,1,0,9,6690,1,"Medium"
2023-06-01,5821,"Letshego",67878,47730,8,0,2,4,0,0,"Medium"
2023-07-01,5821,"Absa",68031,65172,5,0,3,6,0,0,"Medium"
2023-08-01,5821,"WUC",43216,33179,15,1,1,2,3173,0,"High"
2023-09-01,5821,"WUC",42895,47148,9,0,2,3,0,0,"High"
2023-10-01,5821,"BPC",58731,94298,10,0,2,7,0,0,"Medium"
2023-11-01,5821,"BPC",71700,25301,3,1,3,1,7564.7,1,"High"
2023-12-01,5821,"BPC",59398,3223,8,1,3,-3,7659,1,"High"
2023-05-01,5794,"Letshego",50980,96740,18,1,0,10,7624,1,"Medium"
2023-06-01,5794,"Absa",28927,26745,11,0,1,2,0,0,"Medium"
2023-07-01,5794,"BPC",56766,65757,2,0,1,6,0,0,"High"
2023-08-01,5794,"BPC",22518,8463,8,0,1,0,0,0,"High"
2023-09-01,5794,"Letshego",49902,96955,3,0,1,9,0,0,"Medium"
2023-10-01,5794,"WUC",64370,91935,6,0,4,8,0,0,"High"
2023-11-01,5794,"Absa",65234,86947,15,1,3,8,1915.1,1,"Medium"
2023-12-01,5794,"Absa",23786,43014,8,1,2,2,6569,0,"Medium"
2023-05-01,5503,"WUC",46549,78322,13,0,0,8,0,0,"High"
2023-06-01,5503,"Letshego",50040,30691,10,0,0,3,0,0,"Medium"
2023-07-01,5503,"Absa",36215,29656,16,1,0,3,4591,1,"Medium"
2023-08-01,5503,"BPC",55928,99928,12,1,1,9,4800,1,"High"
2023-09-01,5503,"BPC",64150,98717,4,1,3,8,4143.7,1,"High"
2023-10-01,5503,"Letshego",62815,48525,19,0,6,2,0,0,"Medium"
2023-11-01,5503,"Absa",26990,76465,2,0,3,5,0,0,"Medium"
2023-12-01,5503,"Absa",54507,33533,3,0,3,0,0,0,"Medium"
2023-05-01,6925,"BPC",67888,24388,17,0,2,2,0,0,"High"
2023-06-01,6925,"BPC",33909,62168,9,0,0,6,0,0,"High"
2023-07-01,6925,"WUC",63491,34704,15,1,3,3,1746.8,0,"High"
2023-08-01,6925,"Absa",70281,6781,15,0,2,0,0,0,"Medium"
2023-09-01,6925,"Letshego",27130,98213,20,0,1,9,0,0,"Medium"
2023-10-01,6925,"BPC",77537,69116,19,0,4,6,0,0,"High"
2023-11-01,6925,"BPC",64866,86356,4,1,3,8,1548.8,0,"Medium"
2023-12-01,6925,"WUC",68653,46708,14,1,4,3,3427.6,1,"High"
2023-05-01,4182,"Absa",31395,13477,2,1,0,1,4438,0,"Medium"
2023-06-01,4182,"WUC",21558,68349,10,0,1,6,0,0,"High"
2023-07-01,4182,"WUC",71827,2975,16,0,3,-1,0,0,"High"
2023-08-01,4182,"BPC",75151,17133,8,1,3,1,3352.8,0,"High"
2023-09-01,4182,"WUC",28258,89686,19,1,2,7,728,0,"High"
2023-10-01,4182,"Absa",48659,16163,14,1,3,-1,2569,0,"Medium"
2023-11-01,4182,"WUC",47778,26606,9,0,4,-1,0,0,"High"
2023-12-01,4182,"WUC",62011,25158,17,1,6,-1,5814.6,0,"High"
2023-05-01,3751,"Absa",23934,31875,16,0,0,3,0,0,"Medium"
2023-06-01,3751,"WUC",63982,22903,9,0,1,2,0,0,"High"
2023-07-01,3751,"Letshego",43756,4024,7,1,0,0,1526,0,"High"
2023-08-01,3751,"Letshego",47689,90401,12,0,1,8,0,0,"Medium"
2023-09-01,3751,"Absa",63518,95980,17,0,3,9,0,0,"Medium"
2023-10-01,3751,"BPC",48200,94342,12,0,1,8,0,0,"High"
2023-11-01,3751,"WUC",79971,45877,13,1,4,4,5855.3,0,"High"
2023-12-01,3751,"Letshego",70756,44329,16,1,4,2,3660.8,1,"High"
2023-05-01,6280,"Letshego",69692,5966,14,1,2,1,7126.9,1,"Medium"
2023-06-01,6280,"Absa",65699,36622,17,1,3,3,3393.5,0,"Medium"
2023-07-01,6280,"Absa",26726,89768,3,0,2,7,0,0,"Medium"
2023-08-01,6280,"BPC",70339,37735,13,0,5,2,0,0,"High"
2023-09-01,6280,"BPC",68831,50825,6,0,4,3,0,0,"Medium"
2023-10-01,6280,"BPC",79485,53232,10,0,4,3,0,0,"High"
2023-11-01,6280,"Absa",22899,17857,6,0,2,0,0,0,"Medium"
2023-12-01,6280,"Absa",64807,54321,18,1,3,3,8741.7,0,"Medium"
2023-05-01,3373,"WUC",45159,11939,9,1,0,1,1914,0,"Medium"
2023-06-01,3373,"Letshego",54929,61796,12,0,1,5,0,0,"Medium"
2023-07-01,3373,"Letshego",69844,54953,3,1,3,4,6581.3,0,"Medium"
2023-08-01,3373,"WUC",20812,23535,19,0,2,0,0,0,"High"
2023-09-01,3373,"Absa",20691,90249,15,0,2,7,0,0,"Medium"
2023-10-01,3373,"Absa",79787,20654,10,0,3,0,0,0,"Medium"
2023-11-01,3373,"WUC",65941,42759,4,1,4,2,5387.8,0,"Medium"
2023-12-01,3373,"Letshego",38880,88552,15,1,3,6,1419,0,"Medium"
2023-05-01,8994,"Absa",68721,24582,13,0,2,2,0,0,"Medium"
2023-06-01,8994,"WUC",79473,29871,2,1,3,3,8767,0,"High"
2023-07-01,8994,"WUC",32046,87763,2,0,1,8,0,0,"High"
2023-08-01,8994,"Letshego",58762,62288,10,0,1,5,0,0,"Medium"
2023-09-01,8994,"Letshego",46253,85873,4,1,1,8,1246,0,"Medium"
2023-10-01,8994,"BPC",76282,48251,10,1,5,3,8504.1,1,"High"
2023-11-01,8994,"Letshego",79280,89529,20,1,5,6,3203.2,0,"Medium"
2023-12-01,8994,"WUC",47379,17738,5,1,4,-2,4497,1,"Medium"
2023-05-01,5081,"BPC",33837,62486,15,0,0,6,0,0,"High"
2023-06-01,5081,"Letshego",61729,72553,4,0,2,7,0,0,"High"
2023-07-01,5081,"Absa",53398,19831,11,1,0,2,7418,0,"Medium"
2023-08-01,5081,"Absa",55083,57303,17,1,1,5,3260,0,"Medium"
2023-09-01,5081,"Letshego",46018,67482,3,1,2,5,2047,0,"High"
2023-10-01,5081,"WUC",45571,92002,17,1,3,6,3592,1,"Medium"
2023-11-01,5081,"Letshego",55811,33230,6,0,4,-1,0,0,"Medium"
2023-12-01,5081,"Absa",47125,55128,3,0,4,2,0,0,"Medium"
2023-05-01,7611,"Absa",77397,1494,4,0,2,0,0,0,"Medium"
2023-06-01,7611,"Absa",70666,37641,14,0,2,4,0,0,"Medium"
2023-07-01,7611,"Absa",33366,64125,14,1,0,6,5407,0,"Medium"
2023-08-01,7611,"Letshego",45210,61351,4,1,1,5,6467,1,"High"
2023-09-01,7611,"Letshego",45199,82011,20,1,2,6,3000,1,"Medium"
2023-10-01,7611,"WUC",21247,12671,4,1,3,-2,7928,1,"Medium"
2023-11-01,7611,"WUC",42827,66672,19,0,4,3,0,0,"Medium"
2023-12-01,7611,"BPC",45341,20959,14,0,4,-2,0,0,"High"
2023-05-01,7108,"WUC",31486,59099,12,0,0,6,0,0,"High"
2023-06-01,7108,"Letshego",62320,69812,6,0,3,7,0,0,"High"
2023-07-01,7108,"Absa",20811,53301,7,0,0,5,0,0,"Medium"
2023-08-01,7108,"Absa",63872,37583,17,0,2,4,0,0,"Medium"
2023-09-01,7108,"BPC",45963,70149,19,1,0,7,2829,0,"Medium"
2023-10-01,7108,"Absa",63874,47897,11,1,3,4,1139.6,1,"Medium"
2023-11-01,7108,"BPC",20836,23850,18,0,2,0,0,0,"High"
2023-12-01,7108,"BPC",22719,45959,14,0,2,3,0,0,"High"
2023-05-01,5116,"Absa",45105,8840,9,0,0,1,0,0,"Medium"
2023-06-01,5116,"BPC",58630,26510,7,1,0,3,2541,1,"Medium"
2023-07-01,5116,"WUC",33188,55854,19,0,1,5,0,0,"High"
2023-08-01,5116,"Letshego",70007,3154,3,0,4,-1,0,0,"Medium"
2023-09-01,5116,"BPC",61686,21899,14,0,2,1,0,0,"High"
2023-10-01,5116,"Absa",73947,64003,17,0,3,5,0,0,"Medium"
2023-11-01,5116,"BPC",44854,71980,5,0,1,6,0,0,"High"
2023-12-01,5116,"WUC",44660,77909,12,1,1,7,2860,0,"High"
2023-05-01,3754,"Letshego",35001,8248,4,1,0,1,3412,0,"Medium"
2023-06-01,3754,"BPC",42426,10776,9,1,1,0,1292,0,"High"
2023-07-01,3754,"BPC",33914,94693,6,1,2,7,1732,0,"High"
2023-08-01,3754,"Letshego",75896,93157,11,0,5,6,0,0,"Medium"
2023-09-01,3754,"WUC",48581,92224,14,0,3,6,0,0,"High"
2023-10-01,3754,"BPC",22860,65344,18,1,3,4,3820,0,"High"
2023-11-01,3754,"WUC",66412,16479,7,0,6,-2,0,0,"High"
2023-12-01,3754,"WUC",39867,91104,6,0,4,5,0,0,"Medium"
2023-05-01,8427,"Absa",53173,92284,7,1,0,9,1365,1,"Medium"
2023-06-01,8427,"Letshego",60580,17755,5,0,2,1,0,0,"Medium"
2023-07-01,8427,"Absa",36640,8263,3,0,1,0,0,0,"Medium"
2023-08-01,8427,"BPC",23171,57057,6,1,1,5,5772,1,"High"
2023-09-01,8427,"WUC",45546,37175,19,1,2,2,4642,1,"High"
2023-10-01,8427,"Absa",56607,46556,2,0,3,2,0,0,"Medium"
2023-11-01,8427,"BPC",78563,47009,11,0,4,2,0,0,"High"
2023-12-01,8427,"Letshego",78188,78112,16,0,6,5,0,0,"High"
2023-05-01,8208,"WUC",25309,82543,17,1,0,8,4077,0,"High"
2023-06-01,8208,"WUC",49903,28953,12,0,1,2,0,0,"Medium"
2023-07-01,8208,"WUC",43741,73268,6,1,1,6,7897,1,"High"
2023-08-01,8208,"Absa",43420,50101,12,0,2,3,0,0,"Medium"
2023-09-01,8208,"Letshego",39110,7561,4,1,2,-1,2225,0,"Medium"
2023-10-01,8208,"Letshego",60955,4727,10,0,5,-3,0,0,"Medium"
2023-11-01,8208,"BPC",37077,24521,3,1,3,-1,6467,1,"High"
2023-12-01,8208,"WUC",43406,22621,7,0,4,-2,0,0,"High"
2023-05-01,4005,"WUC",79410,42816,14,1,2,4,3103.1,1,"Medium"
2023-06-01,4005,"Absa",67520,55425,5,0,3,5,0,0,"Medium"
2023-07-01,4005,"WUC",38744,71660,9,1,1,6,3690,1,"Medium"
2023-08-01,4005,"Absa",69027,24759,16,1,5,0,5096.3,0,"Medium"
2023-09-01,4005,"Letshego",33255,89673,5,0,3,6,0,0,"Medium"
2023-10-01,4005,"Absa",50064,48780,2,0,3,2,0,0,"Medium"
2023-11-01,4005,"WUC",30018,27022,16,1,3,0,7951,1,"High"
2023-12-01,4005,"WUC",27180,32672,14,0,4,-1,0,0,"High"
2023-05-01,5584,"Letshego",73857,66766,11,1,2,7,979,1,"Medium"
2023-06-01,5584,"Absa",25623,73077,5,0,1,6,0,0,"Medium"
2023-07-01,5584,"Absa",71904,57572,5,0,2,5,0,0,"Medium"
2023-08-01,5584,"BPC",36595,87991,13,1,1,8,3761,1,"High"
2023-09-01,5584,"BPC",21637,41511,2,1,2,2,1477,0,"High"
2023-10-01,5584,"Absa",67243,21334,5,0,5,-1,0,0,"Medium"
2023-11-01,5584,"BPC",41520,47611,17,0,3,2,0,0,"High"
2023-12-01,5584,"WUC",21506,38561,7,0,3,1,0,0,"High"
2023-05-01,5338,"Letshego",64766,25509,1,1,3,3,1162.7,0,"High"
2023-06-01,5338,"Letshego",21778,92578,19,0,1,8,0,0,"High"
2023-07-01,5338,"Letshego",46032,47151,3,0,1,4,0,0,"High"
2023-08-01,5338,"Absa",35398,2380,15,0,1,-1,0,0,"Medium"
2023-09-01,5338,"BPC",49881,94379,17,0,1,8,0,0,"High"
2023-10-01,5338,"Letshego",59201,38080,1,1,1,3,2702,0,"Medium"
2023-11-01,5338,"BPC",25019,1796,17,1,2,-2,3112,1,"Medium"
2023-12-01,5338,"WUC",30828,98072,11,1,3,7,4866,1,"High"
2023-05-01,4447,"Absa",26268,38376,7,0,0,4,0,0,"Medium"
2023-06-01,4447,"BPC",68744,98601,7,1,1,10,647.9,0,"High"
2023-07-01,4447,"Letshego",57650,14822,13,1,1,0,3432,1,"Medium"
2023-08-01,4447,"WUC",57834,56660,3,0,2,4,0,0,"High"
2023-09-01,4447,"WUC",43453,79642,7,0,2,6,0,0,"High"
2023-10-01,4447,"Letshego",45935,20196,12,1,2,0,6133,1,"Medium"
2023-11-01,4447,"BPC",40918,71359,15,0,3,4,0,0,"High"
2023-12-01,4447,"BPC",67613,57005,11,1,5,3,1940.4,1,"Medium"
2023-05-01,6951,"Absa",73216,2001,14,0,2,0,0,0,"Medium"
2023-06-01,6951,"WUC",59068,26438,8,1,0,3,2666,1,"High"
2023-07-01,6951,"Letshego",55572,47627,18,0,1,4,0,0,"High"
2023-08-01,6951,"BPC",39669,92759,20,1,1,8,1174,0,"High"
2023-09-01,6951,"Letshego",24541,99534,16,1,2,8,6460,1,"High"
2023-10-01,6951,"WUC",55483,21788,1,0,3,-1,0,0,"Medium"
2023-11-01,6951,"Letshego",30700,54974,11,0,3,2,0,0,"Medium"
2023-12-01,6951,"Letshego",64481,64894,16,0,5,3,0,0,"Medium"
2023-05-01,6357,"Letshego",37633,90210,5,0,0,9,0,0,"Medium"
2023-06-01,6357,"Letshego",58351,73500,8,1,0,7,4270,0,"High"
2023-07-01,6357,"Letshego",27489,61361,11,1,1,5,6430,0,"Medium"
2023-08-01,6357,"WUC",35316,23213,15,1,2,0,6334,0,"High"
2023-09-01,6357,"WUC",69234,91701,7,0,5,6,0,0,"High"
2023-10-01,6357,"Letshego",68227,80473,7,0,5,5,0,0,"High"
2023-11-01,6357,"BPC",22750,31928,9,0,3,0,0,0,"High"
2023-12-01,6357,"Letshego",72532,23498,6,0,6,-1,0,0,"Medium"
2023-05-01,6979,"Letshego",27681,66102,13,0,0,7,0,0,"Medium"
2023-06-01,6979,"Absa",56530,73837,2,1,0,7,4822,1,"Medium"
2023-07-01,6979,"Absa",48174,47044,13,1,1,4,1749,1,"Medium"
2023-08-01,6979,"WUC",53437,86497,9,1,2,7,4654,0,"Medium"
2023-09-01,6979,"Absa",63824,67825,2,0,6,4,0,0,"Medium"
2023-10-01,6979,"Letshego",48192,16985,20,1,3,-1,3671,0,"High"
2023-11-01,6979,"BPC",79317,2197,13,0,7,-4,0,0,"High"
2023-12-01,6979,"BPC",79080,86741,17,0,7,5,0,0,"Medium"
2023-05-01,7766,"WUC",43597,10971,9,0,0,1,0,0,"High"
2023-06-01,7766,"Letshego",56531,31911,19,0,0,3,0,0,"Medium"
2023-07-01,7766,"WUC",40729,44015,8,0,0,4,0,0,"Medium"
2023-08-01,7766,"Absa",46227,61960,17,0,0,6,0,0,"Medium"
2023-09-01,7766,"Absa",33748,34583,1,1,0,3,513,0,"Medium"
2023-10-01,7766,"Absa",20364,58418,18,0,1,5,0,0,"Medium"
2023-11-01,7766,"Letshego",21433,83138,2,1,1,7,2377,1,"Medium"
2023-12-01,7766,"Absa",23526,34127,17,0,2,1,0,0,"Medium"
2023-05-01,4133,"BPC",65875,38820,12,1,2,4,4486.9,0,"High"
2023-06-01,4133,"Absa",48143,60963,14,1,1,5,3024,1,"Medium"
2023-07-01,4133,"WUC",71050,50078,15,1,3,3,1499.3,0,"High"
2023-08-01,4133,"Letshego",54903,11818,6,1,3,-2,6027,0,"Medium"
2023-09-01,4133,"WUC",31213,84747,14,0,4,4,0,0,"Medium"
2023-10-01,4133,"Letshego",56544,45140,7,0,4,1,0,0,"Medium"
2023-11-01,4133,"Absa",73601,75287,12,0,6,4,0,0,"Medium"
2023-12-01,4133,"WUC",67659,79758,2,0,5,4,0,0,"High"
2023-05-01,6229,"BPC",50246,39679,8,0,0,4,0,0,"Medium"
2023-06-01,6229,"Letshego",45382,2470,10,1,0,0,7648,1,"High"
2023-07-01,6229,"Absa",59263,74598,11,1,1,6,5877,1,"Medium"
2023-08-01,6229,"Absa",73264,7770,16,0,4,-1,0,0,"Medium"
2023-09-01,6229,"Absa",73521,53670,11,0,4,3,0,0,"Medium"
2023-10-01,6229,"Absa",30703,13140,17,0,2,-1,0,0,"Medium"
2023-11-01,6229,"Absa",35450,67901,12,1,2,5,3456,0,"Medium"
2023-12-01,6229,"Letshego",26806,6546,11,0,3,-2,0,0,"High"
2023-05-01,8183,"WUC",67830,80003,13,1,2,8,4847.7,0,"High"
2023-06-01,8183,"BPC",26572,66598,7,1,1,6,991,0,"High"
2023-07-01,8183,"Absa",69744,25180,12,1,5,1,4568.3,0,"Medium"
2023-08-01,8183,"Absa",66263,16877,20,0,6,-1,0,0,"Medium"
2023-09-01,8183,"WUC",76621,6742,18,0,6,-2,0,0,"High"
2023-10-01,8183,"Absa",48017,2506,16,0,3,-3,0,0,"Medium"
2023-11-01,8183,"Letshego",76391,83502,17,0,4,5,0,0,"Medium"
2023-12-01,8183,"BPC",67111,26926,19,1,4,0,8214.8,1,"High"
2023-05-01,8602,"WUC",72476,6486,12,0,1,1,0,0,"High"
2023-06-01,8602,"WUC",43668,35455,8,0,0,4,0,0,"High"
2023-07-01,8602,"WUC",25982,58442,15,0,0,6,0,0,"High"
2023-08-01,8602,"Letshego",36618,80618,10,1,0,8,2579,1,"Medium"
2023-09-01,8602,"Absa",63333,34686,1,1,3,2,6087.4,1,"Medium"
2023-10-01,8602,"BPC",41378,14350,14,1,2,-1,7286,1,"High"
2023-11-01,8602,"Absa",42963,77588,9,1,3,5,1759,0,"Medium"
2023-12-01,8602,"Absa",21918,87847,19,1,4,5,1434,1,"Medium"
2023-05-01,4933,"Letshego",51287,98809,4,1,0,10,6947,1,"High"
2023-06-01,4933,"BPC",27265,65827,8,1,1,6,7079,1,"High"
2023-07-01,4933,"WUC",73111,26149,18,0,4,1,0,0,"Medium"
2023-08-01,4933,"WUC",24479,64504,16,0,2,4,0,0,"High"
2023-09-01,4933,"BPC",67054,45611,11,1,4,3,6001.6,0,"High"
2023-10-01,4933,"Letshego",71248,20499,1,0,6,-1,0,0,"High"
2023-11-01,4933,"WUC",22231,61013,6,0,3,3,0,0,"High"
2023-12-01,4933,"Absa",36509,97488,7,0,3,7,0,0,"Medium"
2023-05-01,4500,"Letshego",58524,20718,14,0,0,2,0,0,"Medium"
2023-06-01,4500,"Absa",67105,44041,3,1,3,4,6998.2,1,"Medium"
2023-07-01,4500,"Letshego",44004,34614,19,1,1,2,5846,0,"Medium"
2023-08-01,4500,"WUC",76118,4367,17,1,4,-2,5336.1,0,"High"
2023-09-01,4500,"WUC",43431,10821,6,1,3,-2,4511,1,"High"
2023-10-01,4500,"Absa",45438,42504,9,0,4,0,0,0,"Medium"
2023-11-01,4500,"Absa",37185,5686,7,1,4,-3,6905,0,"Medium"
2023-12-01,4500,"WUC",56705,3626,8,0,5,-5,0,0,"High"
2023-05-01,7575,"WUC",53529,18178,7,0,0,2,0,0,"Medium"
2023-06-01,7575,"BPC",22398,38431,18,0,0,4,0,0,"High"
2023-07-01,7575,"Absa",64717,59244,6,0,2,6,0,0,"Medium"
2023-08-01,7575,"BPC",32389,34307,17,1,0,3,7567,0,"Medium"
2023-09-01,7575,"Absa",59390,49960,17,1,1,4,5865,1,"Medium"
2023-10-01,7575,"WUC",51345,75480,5,1,2,6,865,0,"High"
2023-11-01,7575,"Absa",58006,17737,5,1,3,-1,746,1,"Medium"
2023-12-01,7575,"BPC",57054,84520,14,0,4,4,0,0,"High"
2023-05-01,6782,"Absa",37094,32710,10,0,0,3,0,0,"Medium"
2023-06-01,6782,"WUC",33428,24155,3,0,0,2,0,0,"High"
2023-07-01,6782,"BPC",52341,31689,4,0,0,3,0,0,"High"
2023-08-01,6782,"Absa",79782,79201,7,1,3,8,4427.5,1,"Medium"
2023-09-01,6782,"WUC",39735,26196,13,1,1,2,6296,1,"Medium"
2023-10-01,6782,"Absa",39400,92360,19,0,2,7,0,0,"Medium"
2023-11-01,6782,"BPC",22119,15687,9,0,2,0,0,0,"High"
2023-12-01,6782,"Letshego",51537,22431,19,0,2,0,0,0,"Medium"
2023-05-01,4913,"Letshego",55808,62983,3,0,0,6,0,0,"Medium"
2023-06-01,4913,"Letshego",64525,26450,17,1,2,3,5485.7,0,"High"
2023-07-01,4913,"WUC",77170,71010,6,1,3,6,3558.5,1,"High"
2023-08-01,4913,"Absa",49377,74498,6,1,2,5,6277,0,"Medium"
2023-09-01,4913,"BPC",24997,26973,4,0,3,0,0,0,"Medium"
2023-10-01,4913,"Absa",35596,57689,2,0,3,3,0,0,"Medium"
2023-11-01,4913,"Absa",72491,91649,3,1,5,6,4211.9,0,"Medium"
2023-12-01,4913,"BPC",71124,71134,3,0,7,3,0,0,"High"
2023-05-01,4108,"BPC",70574,84591,5,0,2,8,0,0,"High"
2023-06-01,4108,"WUC",76814,92074,17,1,2,9,2196.7,1,"High"
2023-07-01,4108,"Letshego",59161,30169,1,0,1,2,0,0,"Medium"
2023-08-01,4108,"WUC",49289,65415,8,1,1,6,2158,0,"Medium"
2023-09-01,4108,"BPC",31265,15035,18,0,2,0,0,0,"Medium"
2023-10-01,4108,"BPC",62782,85500,1,1,5,7,5715.6,1,"High"
2023-11-01,4108,"Absa",25104,66935,7,1,3,4,4287,0,"Medium"
2023-12-01,4108,"BPC",47672,73599,9,1,4,3,6323,0,"High"
2023-05-01,7260,"Absa",76154,32159,12,0,2,3,0,0,"Medium"
2023-06-01,7260,"Absa",70718,67104,18,0,2,7,0,0,"Medium"
2023-07-01,7260,"Absa",62971,46925,11,1,2,5,4929.1,0,"Medium"
2023-08-01,7260,"BPC",27428,65378,15,1,1,6,626,1,"High"
2023-09-01,7260,"BPC",55690,78792,13,0,2,6,0,0,"High"
2023-10-01,7260,"BPC",79391,90269,5,0,4,7,0,0,"High"
2023-11-01,7260,"WUC",56925,53213,11,1,2,3,940,0,"High"
2023-12-01,7260,"WUC",36385,16653,2,1,3,-1,6325,1,"Medium"
2023-05-01,4074,"WUC",23822,27692,16,1,0,3,2243,1,"Medium"
2023-06-01,4074,"BPC",24338,14319,5,0,1,0,0,0,"High"
2023-07-01,4074,"Absa",72411,24518,17,1,4,1,7224.8,0,"Medium"
2023-08-01,4074,"Letshego",41769,72583,11,0,2,5,0,0,"Medium"
2023-09-01,4074,"BPC",76737,63085,6,0,3,4,0,0,"High"
2023-10-01,4074,"Absa",53499,45784,16,1,2,3,7341,1,"Medium"
2023-11-01,4074,"Absa",50760,63796,2,0,3,3,0,0,"Medium"
2023-12-01,4074,"Letshego",76866,53420,1,0,5,2,0,0,"Medium"
2023-05-01,6145,"Letshego",26588,33681,12,1,0,3,3804,1,"High"
2023-06-01,6145,"BPC",69134,77303,17,0,2,7,0,0,"High"
2023-07-01,6145,"WUC",42641,63864,10,1,1,5,5650,0,"High"
2023-08-01,6145,"Letshego",53398,77662,11,0,2,6,0,0,"Medium"
2023-09-01,6145,"BPC",38832,18706,5,0,2,0,0,0,"High"
2023-10-01,6145,"Absa",24941,40244,15,1,2,2,6444,1,"Medium"
2023-11-01,6145,"Absa",66796,96309,11,1,5,7,7330.4,1,"Medium"
2023-12-01,6145,"Letshego",31594,38354,2,1,4,0,4065,1,"Medium"
2023-05-01,4385,"Absa",59335,8678,17,0,0,1,0,0,"Medium"
2023-06-01,4385,"WUC",46109,53404,6,1,0,5,709,0,"High"
2023-07-01,4385,"BPC",31829,95023,11,0,1,9,0,0,"High"
2023-08-01,4385,"BPC",79680,85755,7,1,3,8,6048.9,1,"Medium"
2023-09-01,4385,"WUC",46805,55394,3,0,2,4,0,0,"High"
2023-10-01,4385,"BPC",21886,66830,17,0,2,5,0,0,"Medium"
2023-11-01,4385,"Absa",76221,50544,13,0,3,3,0,0,"Medium"
2023-12-01,4385,"BPC",72259,92483,17,1,4,7,862.4,1,"High"
